-- phpMyAdmin SQL Dump
-- version 5.2.1
-- https://www.phpmyadmin.net/
--
-- Host: 127.0.0.1
-- Generation Time: Nov 25, 2025 at 01:03 PM
-- Server version: 10.4.32-MariaDB
-- PHP Version: 8.0.30

SET SQL_MODE = "NO_AUTO_VALUE_ON_ZERO";
START TRANSACTION;
SET time_zone = "+00:00";


/*!40101 SET @OLD_CHARACTER_SET_CLIENT=@@CHARACTER_SET_CLIENT */;
/*!40101 SET @OLD_CHARACTER_SET_RESULTS=@@CHARACTER_SET_RESULTS */;
/*!40101 SET @OLD_COLLATION_CONNECTION=@@COLLATION_CONNECTION */;
/*!40101 SET NAMES utf8mb4 */;

--
-- Database: `bi-laptop-store`
--

-- --------------------------------------------------------

--
-- Table structure for table `cache`
--

CREATE TABLE `cache` (
  `key` varchar(255) NOT NULL,
  `value` mediumtext NOT NULL,
  `expiration` int(11) NOT NULL
) ENGINE=InnoDB DEFAULT CHARSET=utf8mb4 COLLATE=utf8mb4_unicode_ci;

-- --------------------------------------------------------

--
-- Table structure for table `cache_locks`
--

CREATE TABLE `cache_locks` (
  `key` varchar(255) NOT NULL,
  `owner` varchar(255) NOT NULL,
  `expiration` int(11) NOT NULL
) ENGINE=InnoDB DEFAULT CHARSET=utf8mb4 COLLATE=utf8mb4_unicode_ci;

-- --------------------------------------------------------

--
-- Table structure for table `failed_jobs`
--

CREATE TABLE `failed_jobs` (
  `id` bigint(20) UNSIGNED NOT NULL,
  `uuid` varchar(255) NOT NULL,
  `connection` text NOT NULL,
  `queue` text NOT NULL,
  `payload` longtext NOT NULL,
  `exception` longtext NOT NULL,
  `failed_at` timestamp NOT NULL DEFAULT current_timestamp()
) ENGINE=InnoDB DEFAULT CHARSET=utf8mb4 COLLATE=utf8mb4_unicode_ci;

-- --------------------------------------------------------

--
-- Table structure for table `jobs`
--

CREATE TABLE `jobs` (
  `id` bigint(20) UNSIGNED NOT NULL,
  `queue` varchar(255) NOT NULL,
  `payload` longtext NOT NULL,
  `attempts` tinyint(3) UNSIGNED NOT NULL,
  `reserved_at` int(10) UNSIGNED DEFAULT NULL,
  `available_at` int(10) UNSIGNED NOT NULL,
  `created_at` int(10) UNSIGNED NOT NULL
) ENGINE=InnoDB DEFAULT CHARSET=utf8mb4 COLLATE=utf8mb4_unicode_ci;

-- --------------------------------------------------------

--
-- Table structure for table `job_batches`
--

CREATE TABLE `job_batches` (
  `id` varchar(255) NOT NULL,
  `name` varchar(255) NOT NULL,
  `total_jobs` int(11) NOT NULL,
  `pending_jobs` int(11) NOT NULL,
  `failed_jobs` int(11) NOT NULL,
  `failed_job_ids` longtext NOT NULL,
  `options` mediumtext DEFAULT NULL,
  `cancelled_at` int(11) DEFAULT NULL,
  `created_at` int(11) NOT NULL,
  `finished_at` int(11) DEFAULT NULL
) ENGINE=InnoDB DEFAULT CHARSET=utf8mb4 COLLATE=utf8mb4_unicode_ci;

-- --------------------------------------------------------

--
-- Table structure for table `laptops`
--

CREATE TABLE `laptops` (
  `id` char(36) NOT NULL,
  `quantity` int(11) NOT NULL DEFAULT 0,
  `barcode` varchar(255) NOT NULL,
  `name` text NOT NULL,
  `price_numeric` int(11) NOT NULL,
  `price_display` varchar(255) NOT NULL,
  `brand` varchar(255) DEFAULT NULL,
  `model` varchar(255) DEFAULT NULL,
  `processor` varchar(255) DEFAULT NULL,
  `ram` varchar(255) DEFAULT NULL,
  `storage` varchar(255) DEFAULT NULL,
  `screen` varchar(255) DEFAULT NULL,
  `is_touch` tinyint(1) NOT NULL DEFAULT 0,
  `is_convertible` tinyint(1) NOT NULL DEFAULT 0,
  `gpu` varchar(255) DEFAULT NULL,
  `created_at` timestamp NULL DEFAULT NULL,
  `updated_at` timestamp NULL DEFAULT NULL,
  `deleted_at` timestamp NULL DEFAULT NULL
) ENGINE=InnoDB DEFAULT CHARSET=utf8mb4 COLLATE=utf8mb4_unicode_ci;

--
-- Dumping data for table `laptops`
--

INSERT INTO `laptops` (`id`, `quantity`, `barcode`, `name`, `price_numeric`, `price_display`, `brand`, `model`, `processor`, `ram`, `storage`, `screen`, `is_touch`, `is_convertible`, `gpu`, `created_at`, `updated_at`, `deleted_at`) VALUES
('a05f7e15-632c-4c01-9e93-d8061fd2144b', 1, '000000002226', 'fujitsu t726 i5 8-256 14.1 touch', 199000, '199,000 د.ع', 'FUJITSU', 't726', 'I5', '8 GB', '256 GB', '14.1\"', 1, 0, '', '2025-11-16 16:06:16', '2025-11-16 16:06:16', NULL),
('a05f7e15-73c7-4306-9458-cfb5b5984a48', 0, '000000002349', 'Acer aspire E1 -572g i7-4th -6-256+750hdd 2gb-15.6', 229000, '229,000 د.ع', 'ACER', 'aspire E1', 'I7', '6 GB', '256 GB + 750 GB HDD', '15.6\"', 0, 0, 'NVIDIA', '2025-11-16 16:06:16', '2025-11-16 16:06:16', NULL),
('a05f7e15-74bd-4e1a-8121-d0924da1c0af', 0, '000000001991', 'Acer Nitro 5 AN515-57-76Y4 Gaming Laptop Core i7-11800H 2.30GHz 16GB 512GB SSD Windows 11 Home 15.6inch QHD Black Nvidia GeForce RTX 3060 6GB Graphics', 1199000, '1,199,000 د.ع', 'ACER', 'Nitro 5 AN515-57', 'I7', '16 GB', '512 GB', '15.6\"', 0, 0, 'RTX 3060', '2025-11-16 16:06:16', '2025-11-16 16:06:16', NULL),
('a05f7e15-75a1-4354-80e0-49f80cf30fd8', 0, '000000004060', 'Acer Nitro V15 ANV15-51-93HS, Intel Core i9-13900H, RAM 16GB, SSD 512GB, NVIDIA RTX 4060 8GB, 15.6 FHD 165Hz, Obsidian Black', 1499000, '1,499,000 د.ع', 'ACER', 'Nitro V15 ANV15-51', 'I9', '16 GB', '512 GB', '15.6\"', 0, 0, 'RTX 4060', '2025-11-16 16:06:16', '2025-11-16 16:06:16', NULL),
('a05f7e15-76a6-4a19-b55e-335778157039', 0, '000000004893', 'AIO DELL 7450 CI5 7TH -8-256 24 TOUCH', 440000, '440,000 د.ع', 'DELL', '7450', 'I5', '8 GB', '256 GB', '24\"', 1, 0, '', '2025-11-16 16:06:16', '2025-11-16 16:06:16', NULL),
('a05f7e15-776d-4c5e-b287-d8caab282efd', 1, '000000003506', 'all in one hp i3 12th 4-256-1tb 24', 499000, '499,000 د.ع', 'HP', 'All-in-One', 'I3', '4 GB', '256 GB + 1 TB', '24\"', 0, 0, '', '2025-11-16 16:06:16', '2025-11-16 16:06:16', NULL),
('a05f7e15-7873-43e9-9b5f-9baaad9a1e43', 0, '000000007252', 'ASUS CEATOR Q540VJ I9-13900H RTX3050 6GB 16-DDR5 -1TB 15.6 3K-OLED  120HZ', 1499000, '1,499,000 د.ع', 'ASUS', 'CEATOR Q540VJ', 'I9', '16 GB', '1 TB', '15.6\"', 0, 0, 'RTX 3050', '2025-11-16 16:06:16', '2025-11-16 16:06:16', NULL),
('a05f7e15-795a-45b2-95fb-1acd5f540dc3', 0, '000000001885', 'Asus Q325UAR  I7 8TH 16-512 13.3 TOUCH', 499000, '499,000 د.ع', 'ASUS', 'Q325UAR', 'I7', '16 GB', '512 GB', '13.3\"', 1, 0, '', '2025-11-16 16:06:16', '2025-11-16 16:06:16', NULL),
('a05f7e15-7a34-4f5c-9cd6-1ca5055e2964', 0, '000000004046', 'ASUS ROG Strix G16 G614JVR-N3088, Intel Core i9-14900HX, RAM 16GB, 512GB SSD NVMe, NVIDIA RTX 4060 8GB, 16.0 WUXGA 165Hz IPS, Eclipse Gray', 2299000, '2,299,000 د.ع', 'ASUS', 'ROG Strix G16', 'I9', '16 GB', '512 GB', '16.0\"', 0, 0, 'RTX 4060', '2025-11-16 16:06:16', '2025-11-16 16:06:16', NULL),
('a05f7e15-7afe-4029-8122-a0ed362925ff', 0, '000000001786', 'ASUS TUF Gaming F17 FX707VU-HX175, Intel Core i7-13620H - 13 Gen, RAM 16GB, 512GB SSD, RTX 4050 6GB, 17.3 FHD IPS 144Hz, Mecha Gray', 1499000, '1,499,000 د.ع', 'ASUS', 'TUF Gaming F17', 'I7', '16 GB', '512 GB', '17.3\"', 0, 0, 'RTX 4050', '2025-11-16 16:06:16', '2025-11-16 16:06:16', NULL),
('a05f7e15-7be4-4058-b2ef-7941a0398987', 0, '000000001618', 'ASUS Vivobook X1504ZA-NJ247, Intel Core i7-1255U, RAM 8GB, SSD 512GB NVMe, Intel Iris Xe Graphics, 15.6 FHD IPS, Cool Silver A1', 699000, '699,000 د.ع', 'ASUS', 'Vivobook X1504ZA', 'I7', '8 GB', '512 GB', '15.6\"', 0, 0, 'Intel Iris Xe', '2025-11-16 16:06:16', '2025-11-16 16:06:16', NULL),
('a05f7e15-7ca8-428f-b8f1-56fda3dc8898', 1, '000000002318', 'Asus VivoBook_ASUS Laptop X505ZA_R504ZA  ryzen 5 2500u-8-256-1gb -15.6', 399000, '399,000 د.ع', 'ASUS', 'VivoBook X505ZA', 'RYZEN 5', '8 GB', '256 GB', '15.6\"', 0, 0, 'AMD Radeon', '2025-11-16 16:06:16', '2025-11-16 16:06:16', NULL),
('a05f7e15-7d5c-4e3d-a65a-3a53910bcba2', 1, '000000002257', 'Asus X510UQ i7-7th-8-256-4gb 940mx', 499000, '499,000 د.ع', 'ASUS', 'X510UQ', 'I7', '8 GB', '256 GB', '', 0, 0, 'NVIDIA', '2025-11-16 16:06:16', '2025-11-16 16:06:16', NULL),
('a05f7e15-7e07-4e71-8753-c4248e9f3ffb', 0, '000000002103', 'dell e5440 i5-4300u 8-256 14.1', 189000, '189,000 د.ع', 'DELL', 'E5440', 'I5', '8 GB', '256 GB', '14.1\"', 0, 0, '', '2025-11-16 16:06:16', '2025-11-16 16:06:16', NULL),
('a05f7e15-7ed1-4750-a920-164d3d45d3ab', 0, '000000003131', 'dell inspiron 3593 i5 10th -16-256-15.6', 399000, '399,000 د.ع', 'DELL', 'Inspiron 3593', 'I5', '16 GB', '256 GB', '15.6\"', 0, 0, '', '2025-11-16 16:06:16', '2025-11-16 16:06:16', NULL),
('a05f7e15-7f78-4a12-9d7e-a12eebcd8df2', 10, '000000005708', 'dell latit 3500 i7 8th 8-256 vga mx130 2gb 15.6', 499000, '499,000 د.ع', 'DELL', 'Latitude 3500', 'I7', '8 GB', '256 GB', '15.6\"', 0, 0, 'MX130', '2025-11-16 16:06:16', '2025-11-16 16:06:16', NULL),
('a05f7e15-8023-454e-8051-6294372312a0', 1, '000000005739', 'dell latit 3590 i7 8th 8-256 amd 2gb m460 15.6', 479000, '479,000 د.ع', 'DELL', 'Latitude 3590', 'I7', '8 GB', '256 GB', '15.6\"', 0, 0, 'AMD', '2025-11-16 16:06:16', '2025-11-16 16:06:16', NULL),
('a05f7e15-80c5-47fd-b829-f38c0518ecc9', 7, '000000005715', 'dell latit 5491 i5 8th H i5 8-256 14.1 touch', 399000, '399,000 د.ع', 'DELL', 'Latitude 5491', 'I5', '8 GB', '256 GB', '14.1\"', 1, 0, '', '2025-11-16 16:06:16', '2025-11-16 16:06:16', NULL),
('a05f7e15-816c-44e5-ac85-e39abf8221e3', 1, '000000005746', 'dell latit 5501 i5 9th H 8-256 niv mx150 2gb 15.6', 539000, '539,000 د.ع', 'DELL', 'Latitude 5501', 'I5', '8 GB', '256 GB', '15.6\"', 0, 0, 'MX150', '2025-11-16 16:06:16', '2025-11-16 16:06:16', NULL),
('a05f7e15-820f-4745-af2a-6cf2690c7c72', 1, '000000007238', 'dell latit 5501 i7 9th H 16-512 niv mx150 2gb 15.6 Touch', 799000, '799,000 د.ع', 'DELL', 'Latitude 5501', 'I7', '16 GB', '512 GB', '15.6\"', 1, 0, 'MX150', '2025-11-16 16:06:16', '2025-11-16 16:06:16', NULL),
('a05f7e15-82b8-4fbd-b6e6-9ff57381368b', 2, '000000005722', 'dell latit 5580 i5-7th 8-256  vga 2gb 930mx15.6 touch', 399000, '399,000 د.ع', 'DELL', 'Latitude 5580', 'I5', '8 GB', '256 GB', '15.6\"', 1, 0, 'MX15', '2025-11-16 16:06:16', '2025-11-16 16:06:16', NULL),
('a05f7e15-8358-4960-9910-1199b772ff90', 1, '000000005791', 'dell latit e5470 i5 6th HQ 8-256 2gb amd m360', 339000, '339,000 د.ع', 'DELL', 'Latitude E5470', 'I5', '8 GB', '256 GB', '', 0, 0, 'AMD', '2025-11-16 16:06:16', '2025-11-16 16:06:16', NULL),
('a05f7e15-8428-4245-9f21-0523e13912f9', 0, '000000002301', 'dell latitude 3310 i5-8th -8-256 13.3', 189000, '189,000 د.ع', 'DELL', 'Latitude 3310', 'I5', '8 GB', '256 GB', '13.3\"', 0, 0, '', '2025-11-16 16:06:16', '2025-11-16 16:06:16', NULL),
('a05f7e15-84f5-40d0-a7c1-c65a6d985095', 25, '000000005067', 'dell latitude 3330 i5-11th 16-256 13.3 touch x360', 549000, '549,000 د.ع', 'DELL', 'Latitude 3330', 'I5', '16 GB', '256 GB', '13.3\"', 1, 1, '', '2025-11-16 16:06:16', '2025-11-16 16:06:16', NULL),
('a05f7e15-85bf-4880-a29a-98e7dd24efed', 4, '000000005081', 'dell latitude 3400 i5 8th 16-256 -14.1', 289000, '289,000 د.ع', 'DELL', 'Latitude 3400', 'I5', '16 GB', '256 GB', '14.1\"', 0, 0, '', '2025-11-16 16:06:16', '2025-11-16 16:06:16', NULL),
('a05f7e15-8688-42e1-8602-0fc9d80c2cf2', 0, '000000001595', 'dell latitude 3590 core i5 7th 8-256 15.6', 299000, '299,000 د.ع', 'DELL', 'Latitude 3590', 'I5', '8 GB', '256 GB', '15.6\"', 0, 0, '', '2025-11-16 16:06:16', '2025-11-16 16:06:16', NULL),
('a05f7e15-8750-4a5f-8746-5411fee0f430', 1, '000000002202', 'dell latitude 3590 i5 -8th 8-256-15.6', 299000, '299,000 د.ع', 'DELL', 'Latitude 3590', 'I5', '8 GB', '256 GB', '15.6\"', 0, 0, '', '2025-11-16 16:06:16', '2025-11-16 16:06:16', NULL),
('a05f7e15-882a-4b12-bfe2-2ec3df69e5a0', -2, '000000001700', 'dell latitude 5300 i5 8th -16-256 13.3 touch', 299000, '299,000 د.ع', 'DELL', 'Latitude 5300', 'I5', '16 GB', '256 GB', '13.3\"', 1, 0, '', '2025-11-16 16:06:16', '2025-11-16 16:06:16', NULL),
('a05f7e15-88cf-482f-ac71-78fa580b02fa', 2, '000000000055', 'dell latitude 5310 i5 10th -16-256 13.3', 379000, '379,000 د.ع', 'DELL', 'Latitude 5310', 'I5', '16 GB', '256 GB', '13.3\"', 0, 0, '', '2025-11-16 16:06:16', '2025-11-16 16:06:16', NULL),
('a05f7e15-896e-4eb9-9c57-aac87a572b81', 2, '000000000048', 'dell latitude 5310 i5 10th -8-256 13.3 touch', 369000, '369,000 د.ع', 'DELL', 'Latitude 5310', 'I5', '8 GB', '256 GB', '13.3\"', 1, 0, '', '2025-11-16 16:06:16', '2025-11-16 16:06:16', NULL),
('a05f7e15-8a11-4c39-b82c-70d7d768495c', 5, '000000005579', 'dell latitude 5310 i7 10th -16-256 13.3 touch', 489000, '489,000 د.ع', 'DELL', 'Latitude 5310', 'I7', '16 GB', '256 GB', '13.3\"', 1, 0, '', '2025-11-16 16:06:16', '2025-11-16 16:06:16', NULL),
('a05f7e15-8ac8-4460-99e1-25415e425cbb', 10, '000000001748', 'dell latitude 5320 touch i5-11th -16-256 13.3', 449000, '449,000 د.ع', 'DELL', 'Latitude 5320', 'I5', '16 GB', '256 GB', '13.3\"', 1, 0, '', '2025-11-16 16:06:16', '2025-11-16 16:06:16', NULL),
('a05f7e15-8b80-4172-884e-76412d0d40e5', -1, '000000005241', 'DELL LATITUDE 5500 I7-8thU 16-512 15.6', 469000, '469,000 د.ع', 'DELL', 'Latitude 5500', 'I7', '16 GB', '512 GB', '15.6\"', 0, 0, '', '2025-11-16 16:06:16', '2025-11-16 16:06:16', NULL),
('a05f7e15-8c40-496c-8abd-f8e9e051968c', 2, '000000003834', 'dell latitude 5520  i5 11th 16-256 15.6 touch', 559000, '559,000 د.ع', 'DELL', 'Latitude 5520', 'I5', '16 GB', '256 GB', '15.6\"', 1, 0, '', '2025-11-16 16:06:16', '2025-11-16 16:06:16', NULL),
('a05f7e15-8cfc-4e9e-9ead-e0e8fc567861', 0, '000000001731', 'dell latitude 5520  i7 11th 16-256 15.6', 549000, '549,000 د.ع', 'DELL', 'Latitude 5520', 'I7', '16 GB', '256 GB', '15.6\"', 0, 0, '', '2025-11-16 16:06:16', '2025-11-16 16:06:16', NULL),
('a05f7e15-8dbc-4d08-8c5e-75458002b27f', 0, 'C0BNWD2', 'dell latitude 5580 i7 7th 8-256 - 2gb nvidia 15.6', 379000, '379,000 د.ع', 'DELL', 'Latitude 5580', 'I7', '8 GB', '256 GB', '15.6\"', 0, 0, 'NVIDIA', '2025-11-16 16:06:16', '2025-11-16 16:06:16', NULL),
('a05f7e15-8e67-4971-affd-10deea1c02e6', 0, '000000004800', 'dell latitude 7300 I5-8365U -8-256-13.3', 299000, '299,000 د.ع', 'DELL', 'Latitude 7300', 'I5', '8 GB', '256 GB', '13.3\"', 0, 0, '', '2025-11-16 16:06:16', '2025-11-16 16:06:16', NULL),
('a05f7e15-8f0f-4a0f-b346-4b6e23a97e69', 0, '000000001779', 'dell latitude 7310  i5-10th 16-256-13.3 touch', 379000, '379,000 د.ع', 'DELL', 'Latitude 7310', 'I5', '16 GB', '256 GB', '13.3\"', 1, 0, '', '2025-11-16 16:06:16', '2025-11-16 16:06:16', NULL),
('a05f7e15-8fb8-4422-95e8-8a830c675f4f', 0, '000000001557', 'dell latitude 7390 core i7 8th ram 16gb hard 256 ssd 13.3 AA2', 379000, '379,000 د.ع', 'DELL', 'Latitude 7390', 'I7', '16 GB', '256 GB', '13.3\"', 0, 0, '', '2025-11-16 16:06:16', '2025-11-16 16:06:16', NULL),
('a05f7e15-9077-4fb4-b9fd-d044484a67e5', 0, '000000003971', 'dell latitude 7390 core i7 8th ram 16gb hard 256 ssd 13.3 touch', 399000, '399,000 د.ع', 'DELL', 'Latitude 7390', 'I7', '16 GB', '256 GB', '13.3\"', 1, 0, '', '2025-11-16 16:06:16', '2025-11-16 16:06:16', NULL),
('a05f7e15-9129-42a6-af56-97202ede3799', 2, '000000003742', 'dell latitude 7400 i5 8th 16-256 14.1 touch', 299000, '299,000 د.ع', 'DELL', 'Latitude 7400', 'I5', '16 GB', '256 GB', '14.1\"', 1, 0, '', '2025-11-16 16:06:16', '2025-11-16 16:06:16', NULL),
('a05f7e15-91d2-492f-a767-caad8fb2bce9', 9, '000000004886', 'dell latitude 7400 I7-8665U -16-256-14.1 TOUCH x360', 489000, '489,000 د.ع', 'DELL', 'Latitude 7400', 'I7', '16 GB', '256 GB', '14.1\"', 1, 1, '', '2025-11-16 16:06:16', '2025-11-16 16:06:16', NULL),
('a05f7e15-9285-4ec3-ac35-521bf955c6e9', 5, '000000003995', 'dell latitude 7410  i7 10th -16-256 14.1 CARBON', 472000, '472,000 د.ع', 'DELL', 'Latitude 7410', 'I7', '16 GB', '256 GB', '14.1\"', 0, 0, '', '2025-11-16 16:06:16', '2025-11-16 16:06:16', NULL),
('a05f7e15-933e-4fd1-a1a0-907d5e6c5719', 0, '000000004664', 'dell latitude 7410  i7 10th -16-256 14.1 CARBON touch', 499000, '499,000 د.ع', 'DELL', 'Latitude 7410', 'I7', '16 GB', '256 GB', '14.1\"', 1, 0, '', '2025-11-16 16:06:16', '2025-11-16 16:06:16', NULL),
('a05f7e15-93f0-4151-b450-a8e9079f52fb', 1, '000000004725', 'dell latitude 7410  i7 10th -16-256 14.1 CARBON touch *360', 539000, '539,000 د.ع', 'DELL', 'Latitude 7410', 'I7', '16 GB', '256 GB', '14.1\"', 1, 1, '', '2025-11-16 16:06:16', '2025-11-16 16:06:16', NULL),
('a05f7e15-9494-4509-8f26-9530c5ba63e9', 4, '000000000079', 'dell latitude 7410  i7 10th -32-256 14.1 touch AA3', 549000, '549,000 د.ع', 'DELL', 'Latitude 7410', 'I7', '32 GB', '256 GB', '14.1\"', 1, 0, '', '2025-11-16 16:06:16', '2025-11-16 16:06:16', NULL),
('a05f7e15-954a-4733-af7e-bfecb0c3c4b9', 0, '000000000062', 'dell latitude 7480  i7 7th -8-256 14.1', 299000, '299,000 د.ع', 'DELL', 'Latitude 7480', 'I7', '8 GB', '256 GB', '14.1\"', 0, 0, '', '2025-11-16 16:06:16', '2025-11-16 16:06:16', NULL),
('a05f7e15-95fe-4451-a412-dbc2c04078ee', 10, '000000004794', 'dell latitude 7490 I7-8650U -8-256-14.1 TOUCH', 399000, '399,000 د.ع', 'DELL', 'Latitude 7490', 'I7', '8 GB', '256 GB', '14.1\"', 1, 0, '', '2025-11-16 16:06:16', '2025-11-16 16:06:16', NULL),
('a05f7e15-96a5-4aa8-95c9-beaf0aeea18f', 1, '000000001588', 'dell latitude e6540 core i7 4800MQ 8-256 4gamd8790m 15.6', 219000, '219,000 د.ع', 'DELL', 'Latitude E6540', 'I7', '8 GB', '256 GB', '15.6\"', 0, 0, 'AMD', '2025-11-16 16:06:16', '2025-11-16 16:06:16', NULL),
('a05f7e15-9746-4cca-b3ea-259523ad274c', 2, '000000007016', 'DELL Precision 3541 core i7 9850H 16-256-quadro p620 4gb 15.6', 749000, '749,000 د.ع', 'DELL', 'Precision 3541', 'I7', '16 GB', '256 GB', '15.6\"', 0, 0, 'QUADRO', '2025-11-16 16:06:16', '2025-11-16 16:06:16', NULL),
('a05f7e15-97e6-4219-8847-ac8794a1be98', 0, '000000003025', 'DELL Precision 3541 core i7 9850H 32-512-quadro p620 4gb 15.6 touch', 649000, '649,000 د.ع', 'DELL', 'Precision 3541', 'I7', '32 GB', '512 GB', '15.6\"', 1, 0, 'QUADRO', '2025-11-16 16:06:16', '2025-11-16 16:06:16', NULL),
('a05f7e15-9888-4e4a-8920-442a7dda4806', 0, '000000003001', 'dell Precision 3550  i7 10th 16-256-15.6-2gb niv', 587250, '587,250 د.ع', 'DELL', 'Precision 3550', 'I7', '16 GB', '256 GB', '15.6\"', 0, 0, 'NVIDIA', '2025-11-16 16:06:16', '2025-11-16 16:06:16', NULL),
('a05f7e15-992d-4507-80a6-3072a902929e', 1, '000000004237', 'dell Precision 3551  i7 10850H 32-512-15.6-4gb niv P620 touch screen', 899000, '899,000 د.ع', 'DELL', 'Precision 3551', 'I7', '32 GB', '512 GB', '15.6\"', 1, 0, 'NVIDIA', '2025-11-16 16:06:16', '2025-11-16 16:06:16', NULL),
('a05f7e15-99d2-4bb3-a7d1-3408a1aa0c61', 2, '000000004213', 'dell Precision 3551  i7 10th H16-512-15.6-4gb niv P600', 799000, '799,000 د.ع', 'DELL', 'Precision 3551', 'I7', '16 GB', '512 GB', '15.6\"', 0, 0, 'NVIDIA', '2025-11-16 16:06:16', '2025-11-16 16:06:16', NULL),
('a05f7e15-9a77-4c11-881b-f78d9aa185d5', 0, '000000006996', 'dell Precision 3551  i7 11850H 32-512-15.6-4gb niv P620', 0, '0 د.ع', 'DELL', 'Precision 3551', 'I7', '32 GB', '512 GB', '15.6\"', 0, 0, 'NVIDIA', '2025-11-16 16:06:16', '2025-11-16 16:06:16', NULL),
('a05f7e15-9b21-4af8-8d9e-771565389fba', 1, '000000007139', 'dell Precision 3560  i5 1135G7 8-256-15.6', 599000, '599,000 د.ع', 'DELL', 'Precision 3560', 'I5', '8 GB', '256 GB', '15.6\"', 0, 0, '', '2025-11-16 16:06:16', '2025-11-16 16:06:16', NULL),
('a05f7e15-9bda-4f31-b77d-30eceae0d10e', 1, '000000007283', 'dell Precision 3561  i7 11850H 16-512-15.6-4gb niv P600', 899000, '899,000 د.ع', 'DELL', 'Precision 3561', 'I7', '16 GB', '512 GB', '15.6\"', 0, 0, 'NVIDIA', '2025-11-16 16:06:16', '2025-11-16 16:06:16', NULL),
('a05f7e15-9c7d-4e51-a849-a0e1b8e80cea', 2, '000000005685', 'DELL Precision 5510  Xeone E3-1505M V5-8-256-NVI-QUA-M1000M-2GB-15.6 2K TOUCH', 599000, '599,000 د.ع', 'DELL', 'Precision 5510', 'XEON', '8 GB', '256 GB', '15.6\"', 1, 0, 'QUADRO', '2025-11-16 16:06:16', '2025-11-16 16:06:16', NULL),
('a05f7e15-9d20-41df-8a60-0cbbcf1e3851', -1, '000000004831', 'DELL Precision 5530 I7-8850H-16-512-NVI-QUA-P1000-4GB-15.6', 599000, '599,000 د.ع', 'DELL', 'Precision 5530', 'I7', '16 GB', '512 GB', '15.6\"', 0, 0, 'QUADRO', '2025-11-16 16:06:16', '2025-11-16 16:06:16', NULL),
('a05f7e15-9dc6-4059-89c8-1134f7759049', 0, '000000005135', 'DELL Precision 5530 I7-8850H-16-512-NVI-QUA-P1000-4GB-15.6 4k', 649000, '649,000 د.ع', 'DELL', 'Precision 5530', 'I7', '16 GB', '512 GB', '15.6\"', 0, 0, 'QUADRO', '2025-11-16 16:06:16', '2025-11-16 16:06:16', NULL),
('a05f7e15-9e67-4824-b85c-df4458dcf858', 1, '000000004909', 'DELL Precision 5530 I7-8850H-16-512-NVI-QUA-P1000-4GB-15.6 4k touch', 699000, '699,000 د.ع', 'DELL', 'Precision 5530', 'I7', '16 GB', '512 GB', '15.6\"', 1, 0, 'QUADRO', '2025-11-16 16:06:16', '2025-11-16 16:06:16', NULL),
('a05f7e15-9f06-4846-891d-b34fbacfc324', 2, '000000007009', 'DELL Precision 5540 I7-9750H-16-512-NVI-QUA-T1000-4GB-15.6', 799000, '799,000 د.ع', 'DELL', 'Precision 5540', 'I7', '16 GB', '512 GB', '15.6\"', 0, 0, 'QUADRO', '2025-11-16 16:06:16', '2025-11-16 16:06:16', NULL),
('a05f7e15-9fa8-4856-bca3-8e3f6b102983', -1, '000000005364', 'DELL Precision 5540 I7-9850H-16-512-NVI-QUA-T1000-4GB-15.6 4K', 849000, '849,000 د.ع', 'DELL', 'Precision 5540', 'I7', '16 GB', '512 GB', '15.6\"', 0, 0, 'QUADRO', '2025-11-16 16:06:16', '2025-11-16 16:06:16', NULL),
('a05f7e15-a046-454c-a116-2e4dec89a211', 0, '000000004770', 'DELL Precision 5540 I7-9850H-16-512-NVI-QUA-T1000-4GB-15.6 4K TOUCH', 899000, '899,000 د.ع', 'DELL', 'Precision 5540', 'I7', '16 GB', '512 GB', '15.6\"', 1, 0, 'QUADRO', '2025-11-16 16:06:16', '2025-11-16 16:06:16', NULL),
('a05f7e15-a0e5-4c44-9f62-fa119a8f6a24', 0, '000000007153', 'DELL Precision 5540 I7-9850H-16-512-NVI-QUA-T2000-4GB-15.6', 0, '0 د.ع', 'DELL', 'Precision 5540', 'I7', '16 GB', '512 GB', '15.6\"', 0, 0, 'QUADRO', '2025-11-16 16:06:16', '2025-11-16 16:06:16', NULL),
('a05f7e15-a184-4954-aab1-b30f2425ed71', -1, '000000004787', 'DELL Precision 5540 I7-9850H-32-512-NVI-QUA-T1000-4GB-15.6', 799000, '799,000 د.ع', 'DELL', 'Precision 5540', 'I7', '32 GB', '512 GB', '15.6\"', 0, 0, 'QUADRO', '2025-11-16 16:06:16', '2025-11-16 16:06:16', NULL),
('a05f7e15-a226-4f71-90fd-b33b7a003d03', 0, '000000003018', 'DELL Precision 5550 core i7 10th h 32 512  nvi T1000 4gb fhd 15.6', 749000, '749,000 د.ع', 'DELL', 'Precision 5550', 'I7', '32 GB', '512 GB', '15.6\"', 0, 0, 'NVIDIA', '2025-11-16 16:06:16', '2025-11-16 16:06:16', NULL),
('a05f7e15-a2cb-4c1b-9330-7459111e9dc5', 0, '37782276', 'DELL Precision 5550 core i7 10th h 32 512 4gb 4k tuoch 15.6', 999000, '999,000 د.ع', 'DELL', 'Precision 5550', 'I7', '32 GB', '512 GB', '15.6\"', 1, 0, 'NVIDIA', '2025-11-16 16:06:16', '2025-11-16 16:06:16', NULL),
('a05f7e15-a39c-446f-a866-55b9d6fa932c', 0, '000000004756', 'DELL Precision 5550 core i9 10th h 16 512  nvi T2000 4gb fhd 15.6', 999000, '999,000 د.ع', 'DELL', 'Precision 5550', 'I9', '16 GB', '512 GB', '15.6\"', 0, 0, 'NVIDIA', '2025-11-16 16:06:16', '2025-11-16 16:06:16', NULL),
('a05f7e15-a43c-4eb6-8c07-d3a19f25bb37', 0, '000000007122', 'dell Precision 7510  e3 1535m 16-512-15.6-4gb niv m2000m', 549000, '549,000 د.ع', 'DELL', 'Precision 7510', 'XEON', '16 GB', '512 GB', '15.6\"', 0, 0, 'NVIDIA', '2025-11-16 16:06:16', '2025-11-16 16:06:16', NULL),
('a05f7e15-a4da-46b4-b072-68a4e228b650', 3, '000000007191', 'dell Precision 7510  i7 6820HQ 16-512-15.6-2gb Amd R9 M375X', 399000, '399,000 د.ع', 'DELL', 'Precision 7510', 'I7', '16 GB', '512 GB', '15.6\"', 0, 0, 'AMD', '2025-11-16 16:06:16', '2025-11-16 16:06:16', NULL),
('a05f7e15-a57f-4e20-922a-fa850934e59b', 1, '000000007023', 'dell Precision 7510  i7 6820HQ 16-512-15.6-2gb niv m1000m', 449000, '449,000 د.ع', 'DELL', 'Precision 7510', 'I7', '16 GB', '512 GB', '15.6\"', 0, 0, 'NVIDIA', '2025-11-16 16:06:16', '2025-11-16 16:06:16', NULL),
('a05f7e15-a61f-4bcc-af7f-5738b46c3067', 1, '000000007276', 'dell Precision 7510  i7 6820HQ 16-512-15.6-4gb niv m2000m', 499000, '499,000 د.ع', 'DELL', 'Precision 7510', 'I7', '16 GB', '512 GB', '15.6\"', 0, 0, 'NVIDIA', '2025-11-16 16:06:16', '2025-11-16 16:06:16', NULL),
('a05f7e15-a6bc-45cf-9b29-6e18f16c3499', 0, '000000007047', 'dell Precision 7510  i7 6920HQ 16-512-15.6-2gb niv m1000m', 0, '0 د.ع', 'DELL', 'Precision 7510', 'I7', '16 GB', '512 GB', '15.6\"', 0, 0, 'NVIDIA', '2025-11-16 16:06:16', '2025-11-16 16:06:16', NULL),
('a05f7e15-a75b-4c00-a70b-690f3bee2f9f', 1, '000000007092', 'dell Precision 7520  i7 6820HQ 16-512-15.6  amd pro WX  2GB', 399000, '399,000 د.ع', 'DELL', 'Precision 7520', 'I7', '16 GB', '512 GB', '15.6\"', 0, 0, 'AMD', '2025-11-16 16:06:16', '2025-11-16 16:06:16', NULL),
('a05f7e15-a81d-4a61-9cec-b0c9b0e1b541', 1, '000000007054', 'dell Precision 7520  i7 6820HQ 16-512-15.6-4gb niv m2200', 499000, '499,000 د.ع', 'DELL', 'Precision 7520', 'I7', '16 GB', '512 GB', '15.6\"', 0, 0, 'NVIDIA', '2025-11-16 16:06:16', '2025-11-16 16:06:16', NULL),
('a05f7e15-a8c1-4cc6-b232-fc41a9f08924', 3, '000000007207', 'dell Precision 7520  i7 7820HQ 16-512-15.6-4gb niv m2200', 547000, '547,000 د.ع', 'DELL', 'Precision 7520', 'I7', '16 GB', '512 GB', '15.6\"', 0, 0, 'NVIDIA', '2025-11-16 16:06:16', '2025-11-16 16:06:16', NULL),
('a05f7e15-a964-4f3b-84c3-e1913a868467', 0, '000000007184', 'dell Precision 7520  xeon E3-1545M v5 16-512-15.6-4gb niv m2200', 0, '0 د.ع', 'DELL', 'Precision 7520', 'XEON', '16 GB', '512 GB', '15.6\"', 0, 0, 'NVIDIA', '2025-11-16 16:06:16', '2025-11-16 16:06:16', NULL),
('a05f7e15-aa05-4813-8e1d-85e27c1650e8', 0, '000000006958', 'dell precision 7530 xeon e-2176m 32-512  nvi quadro p2000', 999000, '999,000 د.ع', 'DELL', 'Precision 7530', 'XEON', '32 GB', '512 GB', '', 0, 0, 'QUADRO', '2025-11-16 16:06:16', '2025-11-16 16:06:16', NULL),
('a05f7e15-aaa3-4ef5-a40b-d57cc31835fa', 0, '000000004763', 'DELL Precision 7540 Xeone E-2276M 16-512 NVID QU T2000 4GB', 799000, '799,000 د.ع', 'DELL', 'Precision 7540', 'XEON', '16 GB', '512 GB', '', 0, 0, 'QUADRO', '2025-11-16 16:06:16', '2025-11-16 16:06:16', NULL),
('a05f7e15-ab42-45ca-bad6-a59811b6eb27', 0, '000000006972', 'DELL Precision 7540 Xeone E-2286M 32-512  RTX3000 QUADRO 15.6 4K', 976000, '976,000 د.ع', 'DELL', 'Precision 7540', 'XEON', '32 GB', '512 GB', '15.6\"', 0, 0, 'QUADRO', '2025-11-16 16:06:16', '2025-11-16 16:06:16', NULL),
('a05f7e15-abe2-4517-a4dc-fc89502efcb3', 0, '000000002998', 'DELL Precision 7550 core i7 10th h 16 512 RTX3000 6GB 4k 15.6', 879000, '879,000 د.ع', 'DELL', 'Precision 7550', 'I7', '16 GB', '512 GB', '15.6\"', 0, 0, 'RTX 3000', '2025-11-16 16:06:16', '2025-11-16 16:06:16', NULL),
('a05f7e15-ac82-40f6-9f1b-ceeca2070e69', 0, '000000003827', 'DELL Precision 7550 xeon 10th h 16 512 vga 4GB 15.6', 799000, '799,000 د.ع', 'DELL', 'Precision 7550', 'XEON', '16 GB', '512 GB', '15.6\"', 0, 0, 'QUADRO', '2025-11-16 16:06:16', '2025-11-16 16:06:16', NULL),
('a05f7e15-ad22-4b2f-8ec1-7f9ab68d6a2f', 1, '000000007214', 'dell Precision 7730  i7 8850H 32-512-17.3-4gb Amd PRO WX 4150', 879000, '879,000 د.ع', 'DELL', 'Precision 7730', 'I7', '32 GB', '512 GB', '17.3\"', 0, 0, 'AMD', '2025-11-16 16:06:16', '2025-11-16 16:06:16', NULL),
('a05f7e15-adc1-4c63-a504-f4341d03574a', 0, '000000007108', 'dell Precision 7740  i5 9400HQ 16-512-17.3.', 649000, '649,000 د.ع', 'DELL', 'Precision 7740', 'I5', '16 GB', '512 GB', '17.3\"', 0, 0, '', '2025-11-16 16:06:16', '2025-11-16 16:06:16', NULL),
('a05f7e15-ae67-430b-b650-23ddcdebf992', 0, '000000002028', 'dell xps 13 9350 i5-6200u 8-256 13.3 touch', 349000, '349,000 د.ع', 'DELL', 'XPS 13 9350', 'I5', '8 GB', '256 GB', '13.3\"', 1, 0, '', '2025-11-16 16:06:16', '2025-11-16 16:06:16', NULL),
('a05f7e15-af0a-4501-939b-06ef2db22b94', 0, '000000002035', 'dell xps 13 9360 i5-7300u 8-256  touch', 399000, '399,000 د.ع', 'DELL', 'XPS 13 9360', 'I5', '8 GB', '256 GB', '13.3\"', 1, 0, '', '2025-11-16 16:06:16', '2025-11-16 16:06:16', NULL),
('a05f7e15-afbd-495b-95b7-2bab98ee98f1', 0, '000000002011', 'dell xps 13 9380 i7-8665u 16-256  touch', 499000, '499,000 د.ع', 'DELL', 'XPS 13 9380', 'I7', '16 GB', '256 GB', '13.3\"', 1, 0, '', '2025-11-16 16:06:16', '2025-11-16 16:06:16', NULL),
('a05f7e15-b06d-4b19-988f-927ae508cd87', 0, '000000002004', 'dell xps 15 7590 i7 -9750H -16-512 15.6 gtx 1650 4gb', 799000, '799,000 د.ع', 'DELL', 'XPS 15 7590', 'I7', '16 GB', '512 GB', '15.6\"', 0, 0, 'NVIDIA', '2025-11-16 16:06:16', '2025-11-16 16:06:16', NULL),
('a05f7e15-b117-4109-ac48-2f8f4a3caaa6', 1, '000000007290', 'DELL XPS 9560 I7-7700HQ 16-512 GTX 1050 4GB 4K 15.6 TOUCH', 749000, '749,000 د.ع', 'DELL', 'XPS 9560', 'I7', '16 GB', '512 GB', '15.6\"', 1, 0, 'NVIDIA', '2025-11-16 16:06:16', '2025-11-16 16:06:16', NULL),
('a05f7e15-b1bc-4246-8cf8-f5e93f54835b', 1, '000000005692', 'DELL XPS 9560 I7-7700HQ 8-256 GTX 1050 4GB 2K 15.6 TOUCH', 699000, '699,000 د.ع', 'DELL', 'XPS 9560', 'I7', '8 GB', '256 GB', '15.6\"', 1, 0, 'NVIDIA', '2025-11-16 16:06:16', '2025-11-16 16:06:16', NULL),
('a05f7e15-b269-4dd5-8854-ed1035bce0b1', 0, '000000002134', 'dell latitude 5420 i5-11th-16-256 14.1 touch', 399000, '399,000 د.ع', 'DELL', 'Latitude 5420', 'I5', '16 GB', '256 GB', '14.1\"', 1, 0, '', '2025-11-16 16:06:16', '2025-11-16 16:06:16', NULL),
('a05f7e15-b315-45fe-af96-1a965bd73678', 0, '000000001724', 'dell latitude 5480 i5 -7th 8-256 14.1', 229000, '229,000 د.ع', 'DELL', 'Latitude 5480', 'I5', '8 GB', '256 GB', '14.1\"', 0, 0, '', '2025-11-16 16:06:16', '2025-11-16 16:06:16', NULL),
('a05f7e15-b3c6-4074-b164-1ad6b151bd72', 1, '000000001601', 'dell latitude 5480 i7 6th 8-256 nvidia 930mx 2gb 14.1', 299000, '299,000 د.ع', 'DELL', 'Latitude 5480', 'I7', '8 GB', '256 GB', '14.1\"', 0, 0, 'NVIDIA', '2025-11-16 16:06:16', '2025-11-16 16:06:16', NULL),
('a05f7e15-b499-4ada-8ba7-41eebc89bd36', 1, '000000002172', 'dell latitude 5490 i5 -8th 8-256 14.1', 259000, '259,000 د.ع', 'DELL', 'Latitude 5490', 'I5', '8 GB', '256 GB', '14.1\"', 0, 0, '', '2025-11-16 16:06:16', '2025-11-16 16:06:16', NULL),
('a05f7e15-b54a-4f9e-b5fc-4709f89e363e', 8, '000000004718', 'dell latitude 5490 i7 8th 16-256 14.1', 349000, '349,000 د.ع', 'DELL', 'Latitude 5490', 'I7', '16 GB', '256 GB', '14.1\"', 0, 0, '', '2025-11-16 16:06:16', '2025-11-16 16:06:16', NULL),
('a05f7e15-b5f0-449b-bc8f-af13c648623c', 1, '000000004015', 'DELL LATITUDE 5500 I5-8265U 16-256 15.6 TOUCH', 349000, '349,000 د.ع', 'DELL', 'Latitude 5500', 'I5', '16 GB', '256 GB', '15.6\"', 1, 0, '', '2025-11-16 16:06:16', '2025-11-16 16:06:16', NULL),
('a05f7e15-b695-4df6-9bd1-a93ccad3557d', -1, '56445224', 'dell latitude 5400 i5 8th -16-256 14.1', 289000, '289,000 د.ع', 'DELL', 'Latitude 5400', 'I5', '16 GB', '256 GB', '14.1\"', 0, 0, '', '2025-11-16 16:06:16', '2025-11-16 16:06:16', NULL),
('a05f7e15-b736-4dcd-a2c8-d67d06cebfdf', 1, '000000000031', 'dell latitude 5400 i5 8th -16-256 14.1 touch', 329000, '329,000 د.ع', 'DELL', 'Latitude 5400', 'I5', '16 GB', '256 GB', '14.1\"', 1, 0, '', '2025-11-16 16:06:16', '2025-11-16 16:06:16', NULL),
('a05f7e15-b7e2-4ee6-820a-e51fc40958bd', 2, '000000002189', 'dell latitude 5410 i5-10th -16-256 14.1 A1', 329000, '329,000 د.ع', 'DELL', 'Latitude 5410', 'I5', '16 GB', '256 GB', '14.1\"', 0, 0, '', '2025-11-16 16:06:16', '2025-11-16 16:06:16', NULL),
('a05f7e15-b895-45a1-a2de-aa7091c641ef', 1, '000000002363', 'dell latitude 5410 i5-10th -16-256 14.1 touch', 359000, '359,000 د.ع', 'DELL', 'Latitude 5410', 'I5', '16 GB', '256 GB', '14.1\"', 1, 0, '', '2025-11-16 16:06:16', '2025-11-16 16:06:16', NULL),
('a05f7e15-b933-4ed7-96b3-1f94a7e1fc60', 0, '000000004671', 'HP 15-DW3 CORE I7 11TH 1165G7  RAM8 -512GB MX450  15.6', 649000, '649,000 د.ع', 'HP', '15-DW3', 'I7', '8 GB', '512 GB', '15.6\"', 0, 0, 'NVIDIA', '2025-11-16 16:06:16', '2025-11-16 16:06:16', NULL),
('a05f7e15-b9de-467c-81ee-10a8bb2df96a', 1, 'M88839-002', 'hp 23.8 inch all-in-one  hp24-cb1025nh  cori 5 1235u 8-512', 749000, '749,000 د.ع', 'HP', '24-cb1025nh', 'I5', '8 GB', '512 GB', '23.8\"', 0, 0, '', '2025-11-16 16:06:16', '2025-11-16 16:06:16', NULL),
('a05f7e15-ba85-42fa-bd21-7f295b012b7c', 1, '000000005531', 'HP 440 G7 I5 10TH 16-256 14.1 TOUCH', 449000, '449,000 د.ع', 'HP', '440 G7', 'I5', '16 GB', '256 GB', '14.1\"', 1, 0, '', '2025-11-16 16:06:16', '2025-11-16 16:06:16', NULL),
('a05f7e15-bb27-4212-8b27-ba10e28f9605', 1, '000000002271', 'HP 640G8 i511TH 8-256-14.1', 479000, '479,000 د.ع', 'HP', '640G8', 'I5', '8 GB', '256 GB', '14.1\"', 0, 0, '', '2025-11-16 16:06:16', '2025-11-16 16:06:16', NULL),
('a05f7e15-bbee-4b63-9b9a-6f0ee292846c', 0, '000000003766', 'hp 650 g5 i7 8th -8-256-15.6', 359000, '359,000 د.ع', 'HP', '650 G5', 'I7', '8 GB', '256 GB', '15.6\"', 0, 0, '', '2025-11-16 16:06:16', '2025-11-16 16:06:16', NULL),
('a05f7e15-bc9c-4bc9-b96a-d72677f6b753', 3, '000000005388', 'HP 830 G6 I5 8TH 16-256 13.3 TOUCH', 369000, '369,000 د.ع', 'HP', '830 G6', 'I5', '16 GB', '256 GB', '13.3\"', 1, 0, '', '2025-11-16 16:06:16', '2025-11-16 16:06:16', NULL),
('a05f7e15-bd72-4417-8957-835c5d25101c', 1, '000000005395', 'HP 830 G6 I5 8TH 16-256 13.3 TOUCH x360', 499000, '499,000 د.ع', 'HP', '830 G6', 'I5', '16 GB', '256 GB', '13.3\"', 1, 1, '', '2025-11-16 16:06:16', '2025-11-16 16:06:16', NULL),
('a05f7e15-be4b-4fa8-a45b-92745873d0b8', 3, '000000005371', 'hp 830 g7  i5 10th 16-256-13.3 touch *360', 588000, '588,000 د.ع', 'HP', '830 G7', 'I5', '16 GB', '256 GB', '13.3\"', 1, 1, '', '2025-11-16 16:06:16', '2025-11-16 16:06:16', NULL),
('a05f7e15-beee-4a1b-95f4-2beb7b122956', 3, '000000005333', 'hp 830 g7  i7 10th 16-512-13.3 touch *360', 689000, '689,000 د.ع', 'HP', '830 G7', 'I7', '16 GB', '512 GB', '13.3\"', 1, 1, '', '2025-11-16 16:06:16', '2025-11-16 16:06:16', NULL),
('a05f7e15-bf8a-4639-a73f-006bfe0bbb0c', 2, '000000004039', 'HP 830 G8 I5-1135G7 16-256-13.3 TOUCH X360', 559000, '559,000 د.ع', 'HP', '830 G8', 'I5', '16 GB', '256 GB', '13.3\"', 1, 1, '', '2025-11-16 16:06:16', '2025-11-16 16:06:16', NULL),
('a05f7e15-c03d-4044-b042-a2e3abfad4d8', 1, '000000005548', 'HP 830 G8 I7-1185G7 3GHZ 16-256-13.3 TOUCH', 688000, '688,000 د.ع', 'HP', '830 G8', 'I7', '16 GB', '256 GB', '13.3\"', 1, 0, '', '2025-11-16 16:06:16', '2025-11-16 16:06:16', NULL),
('a05f7e15-c0f0-4334-a238-56a7918bb851', 0, '5cg83962lf,3vt67us#aba', 'HP 840 G5 - I5 8TH -16-256  14.1', 339000, '339,000 د.ع', 'HP', '840 G5', 'I5', '16 GB', '256 GB', '14.1\"', 0, 0, '', '2025-11-16 16:06:16', '2025-11-16 16:06:16', NULL),
('a05f7e15-c191-404c-8b68-7acac283e28f', -1, '000000004688', 'HP 840 G5 - I5 8TH -16-256 vga 2gb 14.1', 389000, '389,000 د.ع', 'HP', '840 G5', 'I5', '16 GB', '256 GB', '14.1\"', 0, 0, '', '2025-11-16 16:06:16', '2025-11-16 16:06:16', NULL),
('a05f7e15-c249-40da-9386-a2f5b979358c', 3, '000000002233', 'HP 840 G5  I5-8TH-16-256-TOUCH', 399000, '399,000 د.ع', 'HP', '840 G5', 'I5', '16 GB', '256 GB', '', 1, 0, '', '2025-11-16 16:06:16', '2025-11-16 16:06:16', NULL),
('a05f7e15-c305-4b57-bccf-ae407da59631', 0, '000000002264', 'hp 840 g5 i5 -7th-8-256-14.1', 299000, '299,000 د.ع', 'HP', '840 G5', 'I5', '8 GB', '256 GB', '14.1\"', 0, 0, '', '2025-11-16 16:06:16', '2025-11-16 16:06:16', NULL),
('a05f7e15-c3ba-46f0-913f-d83eeb6ab37c', 2, '000000003759', 'hp 840 g5 i5 8th 8-256 14.1', 339000, '339,000 د.ع', 'HP', '840 G5', 'I5', '8 GB', '256 GB', '14.1\"', 0, 0, '', '2025-11-16 16:06:16', '2025-11-16 16:06:16', NULL),
('a05f7e15-c46b-4312-a91c-eefa67d929b0', 44, '000000004206', 'HP 840 G6 - I5 8TH -16-256  14.1', 359000, '359,000 د.ع', 'HP', '840 G6', 'I5', '16 GB', '256 GB', '14.1\"', 0, 0, '', '2025-11-16 16:06:16', '2025-11-16 16:06:16', NULL),
('a05f7e15-c514-4831-834f-b1fde9303a96', 6, '000000001878', 'HP 840 G6 I7 8TH 16-256 14.1 TOUCH', 399000, '399,000 د.ع', 'HP', '840 G6', 'I7', '16 GB', '256 GB', '14.1\"', 1, 0, '', '2025-11-16 16:06:16', '2025-11-16 16:06:16', NULL),
('a05f7e15-c5c7-4fd2-b30b-19ca2dc359b3', 18, '000000005074', 'hp 840 g7 i5 10th 8-256 -14.1', 399000, '399,000 د.ع', 'HP', '840 G7', 'I5', '8 GB', '256 GB', '14.1\"', 0, 0, '', '2025-11-16 16:06:16', '2025-11-16 16:06:16', NULL),
('a05f7e15-c676-47f3-8129-a61c472f95ff', 1, '000000004022', 'HP 840 G7 I7-10610U 16-256-14.1 TOUCH', 563000, '563,000 د.ع', 'HP', '840 G7', 'I7', '16 GB', '256 GB', '14.1\"', 1, 0, '', '2025-11-16 16:06:16', '2025-11-16 16:06:16', NULL),
('a05f7e15-c72c-4cf5-ae86-0033163f29cd', 2, '000000005159', 'hp 840 g8  i7-11th 16-256 -14.1 touch', 674000, '674,000 د.ع', 'HP', '840 G8', 'I7', '16 GB', '256 GB', '14.1\"', 1, 0, '', '2025-11-16 16:06:16', '2025-11-16 16:06:16', NULL),
('a05f7e15-c7d3-446b-b0a3-c820ba5bbbdb', 0, '000000002356', 'hp 845 g7 ryzen 7pro 4750 -16-256-14.1', 492750, '492,750 د.ع', 'HP', '845 G7', 'RYZEN 7', '16 GB', '256 GB', '14.1\"', 0, 0, '', '2025-11-16 16:06:16', '2025-11-16 16:06:16', NULL),
('a05f7e15-c887-4aef-a459-a5da15488b25', 2, '000000005586', 'hp 850 g5 i5 8th 16-256 15.6 touch', 449000, '449,000 د.ع', 'HP', '850 G5', 'I5', '16 GB', '256 GB', '15.6\"', 1, 0, '', '2025-11-16 16:06:16', '2025-11-16 16:06:16', NULL),
('a05f7e15-c941-47b7-817c-3de73edc23cd', 0, '000000005609', 'HP 850 G6 I5 7TH 16-256 15.6 TOUCH', 389000, '389,000 د.ع', 'HP', '850 G6', 'I5', '16 GB', '256 GB', '15.6\"', 1, 0, '', '2025-11-16 16:06:16', '2025-11-16 16:06:16', NULL),
('a05f7e15-c9f2-4e1a-a5b8-eba6be85d105', -1, '000000005593', 'HP 850 G6 I5 8TH 16-256 15.6 TOUCH', 429000, '429,000 د.ع', 'HP', '850 G6', 'I5', '16 GB', '256 GB', '15.6\"', 1, 0, '', '2025-11-16 16:06:16', '2025-11-16 16:06:16', NULL),
('a05f7e15-caa5-4f78-9272-dcc0130c81d0', 0, '000000005265', 'hp 850 g7-10th -16-256-2gb-15.6', 649000, '649,000 د.ع', 'HP', '850 G7', 'I7', '16 GB', '256 GB', '15.6\"', 0, 0, '', '2025-11-16 16:06:16', '2025-11-16 16:06:16', NULL),
('a05f7e15-cb4d-4fad-89cb-08fdd7b849dc', 0, '000000002141', 'hp 850g4 i5-7th 8-256 15.6', 299000, '299,000 د.ع', 'HP', '850G4', 'I5', '8 GB', '256 GB', '15.6\"', 0, 0, '', '2025-11-16 16:06:16', '2025-11-16 16:06:16', NULL),
('a05f7e15-cbf0-4599-b7fa-c076c71dbdf4', 0, '000000003728', 'hp 850g5 i7 8th 16-256-15.6 touch', 499000, '499,000 د.ع', 'HP', '850G5', 'I7', '16 GB', '256 GB', '15.6\"', 1, 0, '', '2025-11-16 16:06:16', '2025-11-16 16:06:16', NULL),
('a05f7e15-cc90-4d66-9ad8-c04b00439525', -1, '000000004732', 'HP DESKTOP  I3 10TH -16-256 CASE', 399000, '399,000 د.ع', 'HP', 'Desktop', 'I3', '16 GB', '256 GB', '', 0, 0, '', '2025-11-16 16:06:16', '2025-11-16 16:06:16', NULL),
('a05f7e15-cd4a-4f9f-9116-95306fa58e06', 11, '000000005654', 'HP ELI  X360 1030 G2 I5 7TH 8-256 13.3 TOUCH', 399000, '399,000 د.ع', 'HP', 'EliteBook x360 1030 G2', 'I5', '8 GB', '256 GB', '13.3\"', 1, 1, '', '2025-11-16 16:06:16', '2025-11-16 16:06:16', NULL),
('a05f7e15-cdee-4d75-8191-9fc18b9c98ef', 4, '000000005647', 'HP ELI  X360 1030 G2 I7 7TH 16-256 13.3 TOUCH', 499000, '499,000 د.ع', 'HP', 'EliteBook x360 1030 G2', 'I7', '16 GB', '256 GB', '13.3\"', 1, 1, '', '2025-11-16 16:06:16', '2025-11-16 16:06:16', NULL),
('a05f7e15-ce97-4286-bd36-7ae0dd12a396', 3, '000000005814', 'HP ELI  X360 1030 G4 I5 8TH 16-256 13.3 TOUCH', 499000, '499,000 د.ع', 'HP', 'EliteBook x360 1030 G4', 'I5', '16 GB', '256 GB', '13.3\"', 1, 1, '', '2025-11-16 16:06:16', '2025-11-16 16:06:16', NULL),
('a05f7e15-cf3e-4c06-a3b9-551801459259', 1, '000000005661', 'HP ELI  X360 1030 G4 I7 8TH 16-256 13.3 TOUCH', 549000, '549,000 د.ع', 'HP', 'EliteBook x360 1030 G4', 'I7', '16 GB', '256 GB', '13.3\"', 1, 1, '', '2025-11-16 16:06:16', '2025-11-16 16:06:16', NULL),
('a05f7e15-cfe3-49f4-bbb6-10bd41e358bf', 2, '000000005562', 'HP ELI 1030 G3 X360 I5 8TH 16-256 13.3 X360 TOUCH', 499000, '499,000 د.ع', 'HP', 'EliteBook 1030 G3 x360', 'I5', '16 GB', '256 GB', '13.3\"', 1, 1, '', '2025-11-16 16:06:16', '2025-11-16 16:06:16', NULL),
('a05f7e15-d089-4e70-950b-de7b596dc582', 40, '000000007313', 'HP ELI 1030 G3 X360 I7 8TH 16-256 13.3 X360 TOUCH', 539000, '539,000 د.ع', 'HP', 'EliteBook 1030 G3 x360', 'I7', '16 GB', '256 GB', '13.3\"', 1, 1, '', '2025-11-16 16:06:16', '2025-11-16 16:06:16', NULL),
('a05f7e15-d12f-460d-9f19-f18182b2ab33', 0, '000000005555', 'HP ELI 1030 G3 X360 I7 8TH 16-512 13.3 X360 TOUCH', 559000, '559,000 د.ع', 'HP', 'EliteBook 1030 G3 x360', 'I7', '16 GB', '512 GB', '13.3\"', 1, 1, '', '2025-11-16 16:06:16', '2025-11-16 16:06:16', NULL),
('a05f7e15-d1d6-41dd-b3fe-61af2c3fccee', 24, '000000007320', 'hp eli 830 g6 i7-8th 16-256 13.3 touch x360', 539000, '539,000 د.ع', 'HP', 'EliteBook 830 G6', 'I7', '16 GB', '256 GB', '13.3\"', 1, 1, '', '2025-11-16 16:06:16', '2025-11-16 16:06:16', NULL),
('a05f7e15-d26c-4ae2-a870-0ed6fc19fae0', 1, '000000005821', 'hp eli 830 g6 i7-8th 8-256 13.3 touch x360', 479000, '479,000 د.ع', 'HP', 'EliteBook 830 G6', 'I7', '8 GB', '256 GB', '13.3\"', 1, 1, '', '2025-11-16 16:06:16', '2025-11-16 16:06:16', NULL),
('a05f7e15-d30e-4d5b-bab3-d7614635c2e1', 0, '000000004008', 'HP ELI 850 G6 I7- 8TH 16-256 15.6 TOUCH', 499000, '499,000 د.ع', 'HP', 'EliteBook 850 G6', 'I7', '16 GB', '256 GB', '15.6\"', 1, 0, '', '2025-11-16 16:06:16', '2025-11-16 16:06:16', NULL),
('a05f7e15-d3b5-4c62-bf6b-4b3b82e1a9c2', -1, '000000005319', 'hp eli x360 1030 g2 i5-7th 8-256 touch', 449000, '449,000 د.ع', 'HP', 'EliteBook x360 1030 G2', 'I5', '8 GB', '256 GB', '', 1, 1, '', '2025-11-16 16:06:16', '2025-11-16 16:06:16', NULL),
('a05f7e15-d44b-4108-816f-5bdd788e8159', 0, 'm000009023792', 'hp envy x360 2in1 16-ac0023dx Ultra 7 155u 1TB -16GB 16IPS', 1299000, '1,299,000 د.ع', 'HP', 'Envy x360 16', 'ULTRA 7', '16 GB', '1 TB', '16\"', 1, 1, '', '2025-11-16 16:06:16', '2025-11-16 16:06:16', NULL),
('a05f7e15-d4f1-40fd-a76d-833f9df83ffd', 0, '000000007269', 'HP OmniBook X Flip 14-FM0023DX, Intel Ultra 7-256V, RAM 16GB, SSD 1TB, Intel Arc 140V, 14.0 Inch WUXGA FHD+ IPS Touch, Atmospheric Blue', 1386000, '1,386,000 د.ع', 'HP', 'OmniBook X Flip 14', 'ULTRA 7', '16 GB', '1 TB', '14.0\"', 1, 1, 'Intel Arc', '2025-11-16 16:06:16', '2025-11-16 16:06:16', NULL),
('a05f7e15-d597-4922-af8a-acaa24618119', 1, '000000002981', 'HP PAVILION 15  ryzen 7 5700 16-512 -15.6', 559000, '559,000 د.ع', 'HP', 'Pavilion 15', 'RYZEN 7', '16 GB', '512 GB', '15.6\"', 0, 0, '', '2025-11-16 16:06:16', '2025-11-16 16:06:16', NULL),
('a05f7e15-d630-4f0a-9a20-9e669410cb0c', 2, '000000005630', 'HP PROBOOK 430 G6 I5 8TH 16-256 13.3 TOUCH', 359000, '359,000 د.ع', 'HP', 'ProBook 430 G6', 'I5', '16 GB', '256 GB', '13.3\"', 1, 0, '', '2025-11-16 16:06:16', '2025-11-16 16:06:16', NULL),
('a05f7e15-d6e3-4489-b817-283a11ce7c97', 0, '000000002127', 'hp probook 440 g9 14.1 i5-12th -8-256', 499000, '499,000 د.ع', 'HP', 'ProBook 440 G9', 'I5', '8 GB', '256 GB', '14.1\"', 0, 0, '', '2025-11-16 16:06:16', '2025-11-16 16:06:16', NULL),
('a05f7e15-d789-4634-9384-24d32d9b439a', 1, '000000002080', 'hp probook 650g2 i5-6th-8-256-15.6', 249000, '249,000 د.ع', 'HP', 'ProBook 650 G2', 'I5', '8 GB', '256 GB', '15.6\"', 0, 0, '', '2025-11-16 16:06:16', '2025-11-16 16:06:16', NULL),
('a05f7e15-d82d-42ef-9803-d903d66fdcca', 3, '000000007344', 'hp zbook 14 g7 i5 10th 16-256 14.1', 499000, '499,000 د.ع', 'HP', 'ZBook 14 G7', 'I5', '16 GB', '256 GB', '14.1\"', 0, 0, '', '2025-11-16 16:06:16', '2025-11-16 16:06:16', NULL),
('a05f7e15-d8db-4b84-b2fb-b048db25798f', 0, '000000007337', 'hp zbook 14 g8 i7 11th 16-256 14.1', 599000, '599,000 د.ع', 'HP', 'ZBook 14 G8', 'I7', '16 GB', '256 GB', '14.1\"', 0, 0, '', '2025-11-16 16:06:16', '2025-11-16 16:06:16', NULL),
('a05f7e15-d985-41fd-8d4f-dad9c83db2dd', 3, '000000007221', 'HP ZBOOK 15 G3 I7 6820HQ 16-512 amd 2gb  15.6', 449000, '449,000 د.ع', 'HP', 'ZBook 15 G3', 'I7', '16 GB', '512 GB', '15.6\"', 0, 0, 'AMD', '2025-11-16 16:06:16', '2025-11-16 16:06:16', NULL),
('a05f7e15-da3a-47db-8e6c-6410964f2451', 0, '000000005326', 'hp zbook 15 g5  i7 8th 16-512 4gb  p1000 15.6', 649000, '649,000 د.ع', 'HP', 'ZBook 15 G5', 'I7', '16 GB', '512 GB', '15.6\"', 0, 0, 'QUADRO', '2025-11-16 16:06:16', '2025-11-16 16:06:16', NULL),
('a05f7e15-daeb-4960-9688-059b5a82903c', 0, '000000005272', 'hp zbook 15 g5 Xeon e-2176m 16-512 -4gb', 699000, '699,000 د.ع', 'HP', 'ZBook 15 G5', 'XEON', '16 GB', '512 GB', '', 0, 0, '', '2025-11-16 16:06:16', '2025-11-16 16:06:16', NULL),
('a05f7e15-db91-457d-8f3d-3dc727d9b980', 0, '000000005289', 'hp zbook 15 g6 i7-9850h 48-512-rtx3000 6gb 15.6', 999000, '999,000 د.ع', 'HP', 'ZBook 15 G6', 'I7', '48 GB', '512 GB', '15.6\"', 0, 0, 'NVIDIA', '2025-11-16 16:06:16', '2025-11-16 16:06:16', NULL),
('a05f7e15-dc37-4a61-a519-2ef0d83a498f', 1, '000000007115', 'hp zbook 15-g3  xeon E3-1505M 16-512-15.6 touch nvi  4gb m1000m', 689000, '689,000 د.ع', 'HP', 'ZBook 15 G3', 'XEON', '16 GB', '512 GB', '15.6\"', 1, 0, 'NVIDIA', '2025-11-16 16:06:16', '2025-11-16 16:06:16', NULL),
('a05f7e15-dcdd-436d-9d38-31a51c832d5c', 0, '000000002158', 'hp zbook 15-g3 xeon E3-1505M 16-512-15.6', 499000, '499,000 د.ع', 'HP', 'ZBook 15 G3', 'XEON', '16 GB', '512 GB', '15.6\"', 0, 0, 'NVIDIA', '2025-11-16 16:06:16', '2025-11-16 16:06:16', NULL),
('a05f7e15-dd78-4d4c-914f-fcd5185caed2', 0, '000000001663', 'HP ZBOOK 15U G3 TOUCH I7 6TH 16-512 15.6', 399000, '399,000 د.ع', 'HP', 'ZBook 15u G3', 'I7', '16 GB', '512 GB', '15.6\"', 1, 0, '', '2025-11-16 16:06:16', '2025-11-16 16:06:16', NULL),
('a05f7e15-de24-4e72-94f3-aeea2e7a7ff6', 0, '000000005258', 'HP ZBOOK 15U G4 I7 7TH 16-512 15.6 2gb', 399000, '399,000 د.ع', 'HP', 'ZBook 15u G4', 'I7', '16 GB', '512 GB', '15.6\"', 0, 0, '', '2025-11-16 16:06:16', '2025-11-16 16:06:16', NULL),
('a05f7e15-dedf-42c6-8fd3-2e4105df552e', 0, '000000002165', 'HP ZBOOK 15U G6 i7 8th 16-512  4gb -15.6', 559000, '559,000 د.ع', 'HP', 'ZBook 15u G6', 'I7', '16 GB', '512 GB', '15.6\"', 0, 0, 'NVIDIA', '2025-11-16 16:06:16', '2025-11-16 16:06:16', NULL),
('a05f7e15-df85-441d-9554-8da3bb08ee93', 0, '000000007078', 'HP ZBOOK 17 G3 I7 6820HQ 16-512 15.6', 0, '0 د.ع', 'HP', 'ZBook 17 G3', 'I7', '16 GB', '512 GB', '15.6\"', 0, 0, '', '2025-11-16 16:06:16', '2025-11-16 16:06:16', NULL),
('a05f7e15-e024-473a-94f6-3539ea9be252', 1, '000000007085', 'HP ZBOOK 17 G3 I7 6820HQ 16-512 17.3', 599000, '599,000 د.ع', 'HP', 'ZBook 17 G3', 'I7', '16 GB', '512 GB', '17.3\"', 0, 0, '', '2025-11-16 16:06:17', '2025-11-16 16:06:17', NULL),
('a05f7e15-e0cb-41e1-9bfb-e20ab9650e77', 0, '000000005302', 'hp zbook 17 g5 i7-8th 16-512 4g p2000 17.3', 759000, '759,000 د.ع', 'HP', 'ZBook 17 G5', 'I7', '16 GB', '512 GB', '17.3\"', 0, 0, 'QUADRO', '2025-11-16 16:06:17', '2025-11-16 16:06:17', NULL),
('a05f7e15-e17c-4f0f-927b-37d77d1bca18', 1, '000000007030', 'hp zbook 17 g6 i5-9400H 16-512 4g T1000 17.3', 589000, '589,000 د.ع', 'HP', 'ZBook 17 G6', 'I5', '16 GB', '512 GB', '17.3\"', 0, 0, 'QUADRO', '2025-11-16 16:06:17', '2025-11-16 16:06:17', NULL),
('a05f7e15-e222-4437-b917-322b233ca37e', 1, '000000007146', 'hp zbook 17 g6 i7-9850H 16-256 4g T1000 17.3', 889000, '889,000 د.ع', 'HP', 'ZBook 17 G6', 'I7', '16 GB', '256 GB', '17.3\"', 0, 0, 'QUADRO', '2025-11-16 16:06:17', '2025-11-16 16:06:17', NULL),
('a05f7e15-e2c1-492f-a937-8a9d7b26917d', 2, '000000007160', 'HP ZBOOK G4 E3 1505M 16-512 15.6 NVI-QUA-M1200-4GB', 599000, '599,000 د.ع', 'HP', 'ZBook G4', 'XEON', '16 GB', '512 GB', '15.6\"', 0, 0, 'QUADRO', '2025-11-16 16:06:17', '2025-11-16 16:06:17', NULL),
('a05f7e15-e367-4226-8c2a-4d886c886d06', 0, '000000007368', 'HP ZBOOK G4 E3 1505M v6 16-256 15.6 NVI-QUA-M1200-4GB Touch', 649000, '649,000 د.ع', 'HP', 'ZBook G4', 'XEON', '16 GB', '256 GB', '15.6\"', 1, 0, 'QUADRO', '2025-11-16 16:06:17', '2025-11-16 16:06:17', NULL),
('a05f7e15-e410-4f42-a604-9b18b6afaf4b', 1, '000000007245', 'hp zbook studio g5  i7-8850H 16-512 15.6', 699000, '699,000 د.ع', 'HP', 'ZBook Studio G5', 'I7', '16 GB', '512 GB', '15.6\"', 0, 0, '', '2025-11-16 16:06:17', '2025-11-16 16:06:17', NULL),
('a05f7e15-e4ed-4876-8ef2-95377e3ffb91', 1, '000000004190', 'hp zbook studio g5  i7-8850H 16-512 360 touch 15.6', 579000, '579,000 د.ع', 'HP', 'ZBook Studio G5', 'I7', '16 GB', '512 GB', '15.6\"', 1, 1, '', '2025-11-16 16:06:17', '2025-11-16 16:06:17', NULL),
('a05f7e15-e596-4dc0-a14b-5a708eea6928', 0, '000000005142', 'hp zbook studio g5  i7-9850H 16-512 360 touch 15.6', 646000, '646,000 د.ع', 'HP', 'ZBook Studio G5', 'I7', '16 GB', '512 GB', '15.6\"', 1, 1, '', '2025-11-16 16:06:17', '2025-11-16 16:06:17', NULL),
('a05f7e15-e660-48ee-af02-c9e731bdb746', -1, '000000005296', 'hp zbook studio g5  i7-9850h 16-512 qud 4gb 15.6', 749000, '749,000 د.ع', 'HP', 'ZBook Studio G5', 'I7', '16 GB', '512 GB', '15.6\"', 0, 0, 'QUADRO', '2025-11-16 16:06:17', '2025-11-16 16:06:17', NULL),
('a05f7e15-e6f8-4caa-ad22-406ae1cca108', -1, '000000007177', 'hp zbook studio x360 g5  E-2176M 16-512 qud P1000 4gb 15.6', 0, '0 د.ع', 'HP', 'ZBook Studio x360 G5', 'XEON', '16 GB', '512 GB', '15.6\"', 0, 1, 'QUADRO', '2025-11-16 16:06:17', '2025-11-16 16:06:17', NULL),
('a05f7e15-e79e-4d8c-9bb3-a1d8ff85a44c', 0, '000000001564', 'hp zbook studio x360 g5 xeon(R) E-2176M RAM 16 QUADRO P1000 4GB 512 SSD 15.6 TUOCH 360', 799000, '799,000 د.ع', 'HP', 'ZBook Studio x360 G5', 'XEON', '16 GB', '512 GB', '15.6\"', 1, 1, 'QUADRO', '2025-11-16 16:06:17', '2025-11-16 16:06:17', NULL),
('a05f7e15-e844-4449-b2cc-bf1f6509395e', 0, '000000003957', 'OCW-7331U+C54 5686. Oraimo Charger 33W Gan tech with L To C cable (60W) black )شاحنة (', 12750, '12,750 د.ع', 'ORAIMO', '', '', '', '', '', 0, 0, '', '2025-11-16 16:06:17', '2025-11-16 16:06:17', NULL),
('a05f7e15-e8ed-4a0e-a4c3-0c9b7962e0d4', 1, '6849108443715', 'PORODO PD 30W راس شحن', 18750, '18,750 د.ع', 'PORODO', '', '', '', '', '', 0, 0, '', '2025-11-16 16:06:17', '2025-11-16 16:06:17', NULL),
('a05f7e15-e992-4b4c-901d-360561cdce4a', 0, '000000003780', 'Processor - Intel® Core™ i7-12700F Processor - Try •⁠  ⁠Motherboard - Gigabyte Z790 D - DDR5 •⁠  ⁠Graphics Card - ZOTAC GAMING GeForce RTX 5060 Ti 16GB Twin Edge OC •⁠  ⁠Memory - G.SKILL Ripjaws M5 RGB DDR5 32GB (2x16GB) 6000MHz CL36,XMP & EXPO - Black •⁠  ⁠SSD M.2  - Lexar NM790 SSD 7400MB/s 1TB SSD M.2 NVME  •⁠  ⁠Power Supply - Segotep GM1000W 1000W Gold 80+ Full Modular, PCIe 5.1 & ATX 3.1 - White •⁠  ⁠Cooling System - Deepcool LE720 360mm ARGB CPU Liquid Cooler - Black •⁠  ⁠Case - SAMA V Play 4367 Mid Tower Case ATX, With Monitor 7 inch - Black (BTF)', 2049000, '2,049,000 د.ع', 'CUSTOM PC', 'High-End Desktop', 'I7', '32 GB', '1 TB', '7\"', 0, 0, 'RTX 5060', '2025-11-16 16:06:17', '2025-11-16 16:06:17', NULL),
('a05f7e15-ea42-4bec-b00c-71b2eeb3e5e3', 0, '000000004435', 'Redragon K617 Fizz 60% Mechanical Wired TKL Gaming Keyboard GAMEMAX Infinity Plus Mid Tower ATX - White Deepcool LE720 360mm ARGB CPU Liquid Cooler - White Segotep GM850W 850W Gold 80+ Full Modular, PCIe 5.1 & ATX 3.1 - White Lexar NM620 2TB 2280 NVMe SSD, NM620 TEAMGROUP T-Force Delta RGB DDR5 Ram 32GB (2x16GB) 6000MHz CL38 - White ASUS Dual GeForce RTX™ 5060 Ti 16GB GDDR7 OC Edition DarkFlash INF24T Fan Kit 120mm 3 Fan ARGB - White  2pcs Gigabyte X870 GAMING WIFI6, Motherboard AMD Ryzen™ 7 9800X3D Desktop Processors BOX', 2589000, '2,589,000 د.ع', 'CUSTOM PC', 'Gaming Desktop', 'RYZEN 7', '32 GB', '2 TB', '', 0, 0, 'RTX 5060', '2025-11-16 16:06:17', '2025-11-16 16:06:17', NULL),
('a05f7e15-eae1-4e05-8753-f72a4fe2279b', 0, '000000001984', 'Laptop HP victus 16-S1023DX / CPU AMD Ryzen 7-8845HS TH14/ Ram 16G DDR5 / Hard 512 G SSD / GPU NVIDIA RTX 4070 8G / Screen 16.1 FULL HD 144HZ', 1599000, '1,599,000 د.ع', 'HP', 'Victus 16-S1023DX', 'RYZEN 7', '16 GB', '512 GB', '16.1\"', 0, 0, 'RTX 4070', '2025-11-16 16:06:17', '2025-11-16 16:06:17', NULL),
('a05f7e15-eb87-4387-a3f9-75ebbc1f9c9a', 0, '000000006989', 'lenovo 20tn001bmx cori 7 10750H 10th -8-256 gtx 1050 3gb 15.6', 839000, '839,000 د.ع', 'LENOVO', '20TN001BMX', 'I7', '8 GB', '256 GB', '15.6\"', 0, 0, 'NVIDIA', '2025-11-16 16:06:17', '2025-11-16 16:06:17', NULL),
('a05f7e15-ec2c-4511-aa5e-492a364722e0', 0, '000000002066', 'lenovo 20u30023us i5-10310u 16-256  15.6fhd', 399000, '399,000 د.ع', 'LENOVO', '20U30023US', 'I5', '16 GB', '256 GB', '15.6\"', 0, 0, '', '2025-11-16 16:06:17', '2025-11-16 16:06:17', NULL),
('a05f7e15-ecc5-439c-94c1-f1fa95e72bd8', 0, '000000002110', 'lenovo bb50 i5-5th-8-128 15.6', 219000, '219,000 د.ع', 'LENOVO', 'BB50', 'I5', '8 GB', '128 GB', '15.6\"', 0, 0, '', '2025-11-16 16:06:17', '2025-11-16 16:06:17', NULL),
('a05f7e15-ed6c-414a-b04b-cdb44916f98b', 1, '000000002097', 'LENOVO E15 i7 -1165g7 -8-256-', 699000, '699,000 د.ع', 'LENOVO', 'E15', 'I7', '8 GB', '256 GB', '', 0, 0, '', '2025-11-16 16:06:17', '2025-11-16 16:06:17', NULL),
('a05f7e15-ee0f-4bbf-8a07-95fb5debb895', 0, '000000002240', 'LENOVO I7-4TH -8-256-2GB -15.6', 219000, '219,000 د.ع', 'LENOVO', '', 'I7', '8 GB', '256 GB', '15.6\"', 0, 0, 'NVIDIA', '2025-11-16 16:06:17', '2025-11-16 16:06:17', NULL),
('a05f7e15-eeb0-48f3-b054-e5bf8478649f', 0, 'SN.MO:YX0C6A12YXN0B4906005', 'lenovo IdeaPad 5 2-in-1 14IRH9 (41PS), Intel Core i7-13620H, RAM 16GB, SSD 512GB, Intel® UHD Graphics, 14.0 WUXGA OLED Touch, Luna Gery', 1299000, '1,299,000 د.ع', 'LENOVO', 'IdeaPad 5 2-in-1 14IRH9', 'I7', '16 GB', '512 GB', '14.0\"', 1, 1, 'Intel UHD', '2025-11-16 16:06:17', '2025-11-16 16:06:17', NULL),
('a05f7e15-ef5a-4f2d-8fe7-7b688288a4f5', 0, 'SN.MO:YX0CVJF7YXN0B4B14006', 'Lenovo IdeaPad 5 2-in-1 14IRH9 (42PS), Intel Core i5-13420H, RAM 16GB, SSD 512GB, Intel® UHD Graphics, 14.0 WUXGA Touch, Luna Gery', 979000, '979,000 د.ع', 'LENOVO', 'IdeaPad 5 2-in-1 14IRH9', 'I5', '16 GB', '512 GB', '14.0\"', 1, 1, 'Intel UHD', '2025-11-16 16:06:17', '2025-11-16 16:06:17', NULL),
('a05f7e15-f00c-43b7-abb4-c6e93da4711e', 8, '000000005098', 'LENOVO L380 YOGA I5-8365U -8-256-13.3', 379000, '379,000 د.ع', 'LENOVO', 'L380 Yoga', 'I5', '8 GB', '256 GB', '13.3\"', 0, 1, '', '2025-11-16 16:06:17', '2025-11-16 16:06:17', NULL),
('a05f7e15-f0e8-4500-8812-227d6eead214', 5, '000000004817', 'LENOVO L390 YOGA I5-8365U -8-256-13.3', 399000, '399,000 د.ع', 'LENOVO', 'L390 Yoga', 'I5', '8 GB', '256 GB', '13.3\"', 0, 1, '', '2025-11-16 16:06:17', '2025-11-16 16:06:17', NULL),
('a05f7e15-f195-43df-983a-4521219da93a', 0, '000000004824', 'LENOVO L390 YOGA I5-8365U -8-256-13.3 PEN', 449000, '449,000 د.ع', 'LENOVO', 'L390 Yoga', 'I5', '8 GB', '256 GB', '13.3\"', 1, 1, '', '2025-11-16 16:06:17', '2025-11-16 16:06:17', NULL),
('a05f7e15-f237-4d3d-9e9b-866edeb62730', 1, '000000002073', 'lenovo L470 i5-6th -8-256 14.1', 199000, '199,000 د.ع', 'LENOVO', 'L470', 'I5', '8 GB', '256 GB', '14.1\"', 0, 0, '', '2025-11-16 16:06:17', '2025-11-16 16:06:17', NULL),
('a05f7e15-f2e6-496a-9824-54e7ed0aabc5', 0, '000000002448', 'lenovo p50   xone  16-256 -4gb 15.6', 499000, '499,000 د.ع', 'LENOVO', 'P50', 'XEON', '16 GB', '256 GB', '15.6\"', 0, 0, 'NVIDIA', '2025-11-16 16:06:17', '2025-11-16 16:06:17', NULL);
INSERT INTO `laptops` (`id`, `quantity`, `barcode`, `name`, `price_numeric`, `price_display`, `brand`, `model`, `processor`, `ram`, `storage`, `screen`, `is_touch`, `is_convertible`, `gpu`, `created_at`, `updated_at`, `deleted_at`) VALUES
('a05f7e15-f3ed-4d78-9f29-0cc83ba26fd4', 61, '000000007306', 'lenovo t14s RYZEN 7 PRO 4750U 16-512 14.1 TOUCH', 559000, '559,000 د.ع', 'LENOVO', 'T14s', 'RYZEN 7', '16 GB', '512 GB', '14.1\"', 1, 0, '', '2025-11-16 16:06:17', '2025-11-16 16:06:17', NULL),
('a05f7e15-f4ac-410b-978b-551dfecc8e20', 0, '000000007351', 'lenovo t15p i7 10th 1750H 8-256  gtx 1050 3gb 15.6', 849000, '849,000 د.ع', 'LENOVO', 'T15p', 'I7', '8 GB', '256 GB', '15.6\"', 0, 0, 'NVIDIA', '2025-11-16 16:06:17', '2025-11-16 16:06:17', NULL),
('a05f7e15-f551-4189-b8bd-1949124be1bb', -1, '000000003988', 'Lenovo T470 core i 5 7300u 8-256 14.1 touch  AA3', 249000, '249,000 د.ع', 'LENOVO', 'T470', 'I5', '8 GB', '256 GB', '14.1\"', 1, 0, '', '2025-11-16 16:06:17', '2025-11-16 16:06:17', NULL),
('a05f7e15-f5f2-4e92-af16-c615a8d693cd', 0, '000000001755', 'lenovo t480 i5 8th 8-256 14.1', 269000, '269,000 د.ع', 'LENOVO', 'T480', 'I5', '8 GB', '256 GB', '14.1\"', 0, 0, '', '2025-11-16 16:06:17', '2025-11-16 16:06:17', NULL),
('a05f7e15-f691-4671-bc59-12fef5990057', 1, '000000004848', 'LENOVO W541-5410 -I7-4TH-8-256-2GB -15.6', 199000, '199,000 د.ع', 'LENOVO', 'W541-5410', 'I7', '8 GB', '256 GB', '15.6\"', 0, 0, '', '2025-11-16 16:06:17', '2025-11-16 16:06:17', NULL),
('a05f7e15-f730-4086-84cb-872842cb915f', 0, '000000005128', 'LENOVO x1 carbon YOGA I5-8365U -16-256-13.3 pen touch', 399000, '399,000 د.ع', 'LENOVO', 'X1 Carbon Yoga', 'I5', '16 GB', '256 GB', '13.3\"', 1, 1, '', '2025-11-16 16:06:17', '2025-11-16 16:06:17', NULL),
('a05f7e15-f7d9-409c-8074-e6abd3db9750', 0, '000000005111', 'LENOVO x380 YOGA I5-8365U -8-256-13.3 pen touch', 399000, '399,000 د.ع', 'LENOVO', 'X380 Yoga', 'I5', '8 GB', '256 GB', '13.3\"', 1, 1, '', '2025-11-16 16:06:17', '2025-11-16 16:06:17', NULL),
('a05f7e15-f87b-48c7-b963-3062070c16f0', 0, '000000004084', 'msi gt83 titan 8rg i7-885h 1080sli   1tb+512 ddr4 32gb  18.4', 1199000, '1,199,000 د.ع', 'MSI', 'GT83 Titan', 'I7', '32 GB', '1 TB + 512 GB', '18.4\"', 0, 0, 'NVIDIA SLI', '2025-11-16 16:06:17', '2025-11-16 16:06:17', NULL),
('a05f7e15-f918-49b0-b1e7-82e8213f5e88', -1, '', 'msi- i5 12th 16-512 rtx 2050', 775000, '775,000 د.ع', 'MSI', '', 'I5', '16 GB', '512 GB', '', 0, 0, 'RTX 2050', '2025-11-16 16:06:17', '2025-11-16 16:06:17', NULL),
('a05f7e15-f9b4-4a53-92ce-775d8d235b5f', 0, '000000002325', 'msi stealth 15m b12ue  i7-1280p 32-1tb -RTX3060 6 GB 15.6', 1199000, '1,199,000 د.ع', 'MSI', 'Stealth 15M', 'I7', '32 GB', '1 TB', '15.6\"', 0, 0, 'RTX 3060', '2025-11-16 16:06:17', '2025-11-16 16:06:17', NULL);

-- --------------------------------------------------------

--
-- Table structure for table `migrations`
--

CREATE TABLE `migrations` (
  `id` int(10) UNSIGNED NOT NULL,
  `migration` varchar(255) NOT NULL,
  `batch` int(11) NOT NULL
) ENGINE=InnoDB DEFAULT CHARSET=utf8mb4 COLLATE=utf8mb4_unicode_ci;

--
-- Dumping data for table `migrations`
--

INSERT INTO `migrations` (`id`, `migration`, `batch`) VALUES
(1, '0001_01_01_000000_create_users_table', 1),
(2, '0001_01_01_000001_create_cache_table', 1),
(3, '0001_01_01_000002_create_jobs_table', 1),
(4, '2025_11_16_170720_create_roles_table', 1),
(5, '2025_11_16_170736_create_permissions_table', 1),
(6, '2025_11_16_170746_create_role_permission_table', 1),
(7, '2025_11_16_170756_create_laptops_table', 1),
(8, '2025_11_16_171018_create_order_statuses_table', 1),
(9, '2025_11_16_171032_create_orders_table', 1),
(10, '2025_11_16_171111_create_order_items_table', 1),
(11, '2025_11_16_171137_add_role_id_to_users_table', 1),
(12, '2025_11_16_180838_create_personal_access_tokens_table', 1),
(13, '2025_11_21_155349_create_priorities_table', 2),
(14, '2025_11_21_155349_create_task_statuses_table', 2),
(15, '2025_11_21_155350_create_tasks_table', 2),
(16, '2025_11_22_175226_add_display_name_and_description_to_roles_table', 3),
(17, '2025_11_22_183053_add_is_primary_to_priorities_table', 4),
(18, '2025_11_22_183512_add_display_name_and_description_to_task_statuses_table', 5);

-- --------------------------------------------------------

--
-- Table structure for table `orders`
--

CREATE TABLE `orders` (
  `id` char(36) NOT NULL,
  `user_id` char(36) DEFAULT NULL,
  `order_status_id` char(36) DEFAULT NULL,
  `customer_name` varchar(255) NOT NULL,
  `customer_phone` varchar(255) NOT NULL,
  `customer_address` text NOT NULL,
  `order_notes` text DEFAULT NULL,
  `notes` text DEFAULT NULL,
  `source` varchar(255) NOT NULL,
  `payment_type` varchar(255) NOT NULL,
  `installment_months` int(11) DEFAULT NULL,
  `total_amount` int(11) NOT NULL,
  `employee_id` char(36) DEFAULT NULL,
  `created_at` timestamp NULL DEFAULT NULL,
  `updated_at` timestamp NULL DEFAULT NULL,
  `deleted_at` timestamp NULL DEFAULT NULL
) ENGINE=InnoDB DEFAULT CHARSET=utf8mb4 COLLATE=utf8mb4_unicode_ci;

-- --------------------------------------------------------

--
-- Table structure for table `order_items`
--

CREATE TABLE `order_items` (
  `id` char(36) NOT NULL,
  `order_id` char(36) NOT NULL,
  `laptop_id` char(36) NOT NULL,
  `quantity` int(11) NOT NULL DEFAULT 1,
  `price_at_order` int(11) NOT NULL,
  `created_at` timestamp NULL DEFAULT NULL,
  `updated_at` timestamp NULL DEFAULT NULL
) ENGINE=InnoDB DEFAULT CHARSET=utf8mb4 COLLATE=utf8mb4_unicode_ci;

-- --------------------------------------------------------

--
-- Table structure for table `order_statuses`
--

CREATE TABLE `order_statuses` (
  `id` char(36) NOT NULL,
  `name` varchar(255) NOT NULL,
  `display_name` varchar(255) NOT NULL,
  `created_at` timestamp NULL DEFAULT NULL,
  `updated_at` timestamp NULL DEFAULT NULL
) ENGINE=InnoDB DEFAULT CHARSET=utf8mb4 COLLATE=utf8mb4_unicode_ci;

-- --------------------------------------------------------

--
-- Table structure for table `password_reset_tokens`
--

CREATE TABLE `password_reset_tokens` (
  `email` varchar(255) NOT NULL,
  `token` varchar(255) NOT NULL,
  `created_at` timestamp NULL DEFAULT NULL
) ENGINE=InnoDB DEFAULT CHARSET=utf8mb4 COLLATE=utf8mb4_unicode_ci;

-- --------------------------------------------------------

--
-- Table structure for table `permissions`
--

CREATE TABLE `permissions` (
  `id` char(36) NOT NULL,
  `name` varchar(255) NOT NULL,
  `created_at` timestamp NULL DEFAULT NULL,
  `updated_at` timestamp NULL DEFAULT NULL,
  `deleted_at` timestamp NULL DEFAULT NULL
) ENGINE=InnoDB DEFAULT CHARSET=utf8mb4 COLLATE=utf8mb4_unicode_ci;

--
-- Dumping data for table `permissions`
--

INSERT INTO `permissions` (`id`, `name`, `created_at`, `updated_at`, `deleted_at`) VALUES
('03abe7d6-defb-4aa6-8bfb-11a8b1ff5fd0', 'view_users', '2025-11-16 15:11:47', '2025-11-16 15:11:47', NULL),
('03b0ae59-40d2-48c4-9e92-4527a88a5b72', 'update_order_status_to_confirmed', '2025-11-16 15:11:47', '2025-11-16 15:11:47', NULL),
('03ea9c53-6858-4e0a-806e-be0853d011fd', 'create_users', '2025-11-16 15:11:47', '2025-11-16 15:11:47', NULL),
('03f16933-b5af-4579-a62f-441c959abff8', 'view_dashboard', '2025-11-16 15:11:47', '2025-11-16 15:11:47', NULL),
('063ffd0b-d8db-4e70-bab9-edad4c6b3ef9', 'update_order_status', '2025-11-16 15:11:47', '2025-11-16 15:11:47', NULL),
('122aed10-1e30-4091-be0c-69b07925fced', 'update_order_status_to_confirmed_by_response', '2025-11-21 11:42:52', '2025-11-21 11:42:52', NULL),
('1a8b103f-71d5-478d-a882-723e8fb3a740', 'update_order_status_to_ready', '2025-11-16 15:11:47', '2025-11-16 15:11:47', NULL),
('46327809-db9c-49c6-861f-73375f776c4c', 'edit_roles', '2025-11-16 15:11:47', '2025-11-16 15:11:47', NULL),
('4b9a000a-39bf-433b-8e5d-621b0ded6736', 'update_order_status_to_preparing', '2025-11-16 15:11:47', '2025-11-16 15:11:47', NULL),
('51934412-2f70-44e3-bc06-a1dc566e9752', 'view_roles', '2025-11-16 15:11:47', '2025-11-16 15:11:47', NULL),
('51f9ed11-48ff-44d1-9a33-1861274098c3', 'create_orders_for_customers_as_response', '2025-11-21 11:42:52', '2025-11-21 11:42:52', NULL),
('90400270-e834-421a-9ff5-8294e2276b38', 'delete_roles', '2025-11-16 15:11:47', '2025-11-16 15:11:47', NULL),
('994e2a5d-28e2-498e-9167-82226402ae74', 'view_response_dashboard', '2025-11-16 15:11:47', '2025-11-16 15:11:47', NULL),
('9d863b29-1da8-4c84-b343-33fa7f1b11b1', 'view_orders', '2025-11-16 15:11:47', '2025-11-16 15:11:47', NULL),
('9fcabca0-03db-4799-8584-e3be0c517139', 'delete_users', '2025-11-16 15:11:47', '2025-11-16 15:11:47', NULL),
('a1f777da-9c70-46c2-96be-29b224e40c05', 'view_orders_for_response', '2025-11-21 11:42:52', '2025-11-21 11:42:52', NULL),
('a383b343-d676-4149-88bb-8ac7f2c2071f', 'delete_laptops', '2025-11-16 15:11:47', '2025-11-16 15:11:47', NULL),
('aa81f4e2-c649-46a8-abcf-8aca60751632', 'edit_laptops', '2025-11-16 15:11:47', '2025-11-16 15:11:47', NULL),
('aabea5ae-70a9-4cbe-97ec-bd4280f6b052', 'view_permissions', '2025-11-16 15:11:47', '2025-11-16 15:11:47', NULL),
('b4146d9b-dfc7-4418-ab98-1aed83dc6cc7', 'create_roles', '2025-11-16 15:11:47', '2025-11-16 15:11:47', NULL),
('b67e177d-015a-4a78-8446-62804ad0b43c', 'edit_users', '2025-11-16 15:11:47', '2025-11-16 15:11:47', NULL),
('be5ee864-b967-4e3b-a48a-b4d49ee7073e', 'assign_preparation_employee', '2025-11-21 11:42:52', '2025-11-21 11:42:52', NULL),
('c895a401-4f84-4ed6-9eb6-1b12f4f38685', 'create_laptops', '2025-11-16 15:11:47', '2025-11-16 15:11:47', NULL),
('d9fb9f6d-7f50-4013-a466-ba9d1a6a5103', 'view_preparation_dashboard', '2025-11-16 15:11:47', '2025-11-16 15:11:47', NULL),
('ff460eb7-8137-41a1-b367-c2a730f87d3b', 'view_laptops', '2025-11-16 15:11:47', '2025-11-16 15:11:47', NULL);

-- --------------------------------------------------------

--
-- Table structure for table `personal_access_tokens`
--

CREATE TABLE `personal_access_tokens` (
  `id` bigint(20) UNSIGNED NOT NULL,
  `tokenable_type` varchar(255) NOT NULL,
  `tokenable_id` bigint(20) UNSIGNED NOT NULL,
  `name` text NOT NULL,
  `token` varchar(64) NOT NULL,
  `abilities` text DEFAULT NULL,
  `last_used_at` timestamp NULL DEFAULT NULL,
  `expires_at` timestamp NULL DEFAULT NULL,
  `created_at` timestamp NULL DEFAULT NULL,
  `updated_at` timestamp NULL DEFAULT NULL
) ENGINE=InnoDB DEFAULT CHARSET=utf8mb4 COLLATE=utf8mb4_unicode_ci;

-- --------------------------------------------------------

--
-- Table structure for table `priorities`
--

CREATE TABLE `priorities` (
  `id` char(36) NOT NULL,
  `name` varchar(255) NOT NULL,
  `display_name` varchar(255) NOT NULL,
  `color_code` varchar(255) NOT NULL DEFAULT '#6c757d',
  `is_primary` tinyint(1) NOT NULL DEFAULT 0,
  `created_at` timestamp NULL DEFAULT NULL,
  `updated_at` timestamp NULL DEFAULT NULL,
  `deleted_at` timestamp NULL DEFAULT NULL
) ENGINE=InnoDB DEFAULT CHARSET=utf8mb4 COLLATE=utf8mb4_unicode_ci;

--
-- Dumping data for table `priorities`
--

INSERT INTO `priorities` (`id`, `name`, `display_name`, `color_code`, `is_primary`, `created_at`, `updated_at`, `deleted_at`) VALUES
('1dd39016-12b2-425a-8819-2720a76bec00', 'urgent', 'عاجل', '#dc3545', 1, '2025-11-22 15:31:20', '2025-11-22 15:31:20', NULL),
('1fcdc65b-146a-4b38-b90c-c8933056a82a', 'on_hold', 'معلق', '#6c757d', 0, '2025-11-22 15:31:20', '2025-11-22 15:31:20', NULL),
('375726e0-302c-4f58-89e7-8fb88b32d87b', 'deferred', 'مؤجل', '#20c997', 0, '2025-11-22 15:31:20', '2025-11-22 15:31:20', NULL),
('399ce2f0-4255-4df4-aa85-85897301d47f', 'medium', 'متوسط', '#ffc107', 1, '2025-11-22 15:31:20', '2025-11-22 15:31:20', NULL),
('3cb791cd-4e5e-4f10-bb0a-e1d352f2dbcc', 'planning', 'مخطط', '#6f42c1', 0, '2025-11-22 15:31:20', '2025-11-22 15:31:20', NULL),
('46f6d273-b3eb-4386-9ffa-2dd6d6d087a5', 'low', 'منخفض', '#17a2b8', 1, '2025-11-22 15:31:20', '2025-11-22 15:31:20', NULL),
('4e10bcb3-3c1c-42a1-9eb5-1bc73c87516d', 'high', 'مرتفع', '#f39c12', 1, '2025-11-22 15:31:20', '2025-11-22 15:31:20', NULL),
('950e6270-3cdd-4cc4-acca-5742a9c0a6ec', 'review', 'تحت المراجعة', '#fd7e14', 0, '2025-11-22 15:31:20', '2025-11-22 15:31:20', NULL),
('a3dfd754-3ca9-47c5-ba2c-5acbc762f478', 'pending', 'في الانتظار', '#adb5bd', 0, '2025-11-22 15:31:20', '2025-11-22 15:31:20', NULL),
('ba6abe18-9d3b-490c-9c13-a2a9fffa1df1', 'critical', 'حرج', '#e74c3c', 1, '2025-11-22 15:31:20', '2025-11-22 15:31:20', NULL),
('e70d029e-f592-43d6-be6a-682382eb4bd2', 'normal', 'عادي', '#6c757d', 1, '2025-11-22 15:31:20', '2025-11-22 15:31:20', NULL);

-- --------------------------------------------------------

--
-- Table structure for table `roles`
--

CREATE TABLE `roles` (
  `id` char(36) NOT NULL,
  `name` varchar(255) NOT NULL,
  `created_at` timestamp NULL DEFAULT NULL,
  `updated_at` timestamp NULL DEFAULT NULL,
  `deleted_at` timestamp NULL DEFAULT NULL,
  `display_name` varchar(255) DEFAULT NULL,
  `description` text DEFAULT NULL
) ENGINE=InnoDB DEFAULT CHARSET=utf8mb4 COLLATE=utf8mb4_unicode_ci;

--
-- Dumping data for table `roles`
--

INSERT INTO `roles` (`id`, `name`, `created_at`, `updated_at`, `deleted_at`, `display_name`, `description`) VALUES
('16219425-2f50-44e4-8b77-a94483be0e04', 'admin', '2025-11-16 15:25:04', '2025-11-16 15:25:04', NULL, NULL, NULL),
('1e838c9e-085c-4fc4-a054-9916e23594d2', 'photographer', '2025-11-22 14:52:52', '2025-11-22 14:52:52', NULL, 'موظف تصوير', 'موظف مسؤول عن تصوير الأجهزة'),
('5adaeb3d-955b-4f8b-a24e-792e4250edf7', 'admin_employee', '2025-11-22 14:52:52', '2025-11-22 14:52:52', NULL, 'موظف إداري', 'موظف مسؤول عن المهام الإدارية'),
('649a60b5-78cc-4a29-946f-2b4d6b7f484e', 'warehouse_manager', '2025-11-22 14:52:52', '2025-11-22 14:52:52', NULL, 'موظف مسؤول مخزن', 'مسؤول عن إدارة المخزن'),
('c1fca368-aeec-4856-bf51-5a2f22b5eadc', 'warehouse_employee', '2025-11-22 14:52:52', '2025-11-22 14:52:52', NULL, 'موظف مخزن', 'موظف مسؤول عن مهام المخزن'),
('f515a431-17a7-4cea-9134-58850470b651', 'photo_manager', '2025-11-22 14:52:52', '2025-11-22 14:52:52', NULL, 'موظف مسؤول تصوير', 'مسؤول عن إدارة التصوير');

-- --------------------------------------------------------

--
-- Table structure for table `role_permission`
--

CREATE TABLE `role_permission` (
  `id` bigint(20) UNSIGNED NOT NULL,
  `role_id` char(36) NOT NULL,
  `permission_id` char(36) NOT NULL,
  `created_at` timestamp NULL DEFAULT NULL,
  `updated_at` timestamp NULL DEFAULT NULL
) ENGINE=InnoDB DEFAULT CHARSET=utf8mb4 COLLATE=utf8mb4_unicode_ci;

--
-- Dumping data for table `role_permission`
--

INSERT INTO `role_permission` (`id`, `role_id`, `permission_id`, `created_at`, `updated_at`) VALUES
(1, '16219425-2f50-44e4-8b77-a94483be0e04', '03abe7d6-defb-4aa6-8bfb-11a8b1ff5fd0', NULL, NULL),
(2, '16219425-2f50-44e4-8b77-a94483be0e04', '03b0ae59-40d2-48c4-9e92-4527a88a5b72', NULL, NULL),
(3, '16219425-2f50-44e4-8b77-a94483be0e04', '03ea9c53-6858-4e0a-806e-be0853d011fd', NULL, NULL),
(4, '16219425-2f50-44e4-8b77-a94483be0e04', '03f16933-b5af-4579-a62f-441c959abff8', NULL, NULL),
(5, '16219425-2f50-44e4-8b77-a94483be0e04', '063ffd0b-d8db-4e70-bab9-edad4c6b3ef9', NULL, NULL),
(6, '16219425-2f50-44e4-8b77-a94483be0e04', '1a8b103f-71d5-478d-a882-723e8fb3a740', NULL, NULL),
(7, '16219425-2f50-44e4-8b77-a94483be0e04', '46327809-db9c-49c6-861f-73375f776c4c', NULL, NULL),
(8, '16219425-2f50-44e4-8b77-a94483be0e04', '4b9a000a-39bf-433b-8e5d-621b0ded6736', NULL, NULL),
(9, '16219425-2f50-44e4-8b77-a94483be0e04', '51934412-2f70-44e3-bc06-a1dc566e9752', NULL, NULL),
(10, '16219425-2f50-44e4-8b77-a94483be0e04', '90400270-e834-421a-9ff5-8294e2276b38', NULL, NULL),
(11, '16219425-2f50-44e4-8b77-a94483be0e04', '994e2a5d-28e2-498e-9167-82226402ae74', NULL, NULL),
(12, '16219425-2f50-44e4-8b77-a94483be0e04', '9d863b29-1da8-4c84-b343-33fa7f1b11b1', NULL, NULL),
(13, '16219425-2f50-44e4-8b77-a94483be0e04', '9fcabca0-03db-4799-8584-e3be0c517139', NULL, NULL),
(14, '16219425-2f50-44e4-8b77-a94483be0e04', 'a383b343-d676-4149-88bb-8ac7f2c2071f', NULL, NULL),
(15, '16219425-2f50-44e4-8b77-a94483be0e04', 'aa81f4e2-c649-46a8-abcf-8aca60751632', NULL, NULL),
(16, '16219425-2f50-44e4-8b77-a94483be0e04', 'aabea5ae-70a9-4cbe-97ec-bd4280f6b052', NULL, NULL),
(17, '16219425-2f50-44e4-8b77-a94483be0e04', 'b4146d9b-dfc7-4418-ab98-1aed83dc6cc7', NULL, NULL),
(18, '16219425-2f50-44e4-8b77-a94483be0e04', 'b67e177d-015a-4a78-8446-62804ad0b43c', NULL, NULL),
(19, '16219425-2f50-44e4-8b77-a94483be0e04', 'c895a401-4f84-4ed6-9eb6-1b12f4f38685', NULL, NULL),
(20, '16219425-2f50-44e4-8b77-a94483be0e04', 'd9fb9f6d-7f50-4013-a466-ba9d1a6a5103', NULL, NULL),
(21, '16219425-2f50-44e4-8b77-a94483be0e04', 'ff460eb7-8137-41a1-b367-c2a730f87d3b', NULL, NULL),
(22, '16219425-2f50-44e4-8b77-a94483be0e04', '122aed10-1e30-4091-be0c-69b07925fced', NULL, NULL),
(23, '16219425-2f50-44e4-8b77-a94483be0e04', '51f9ed11-48ff-44d1-9a33-1861274098c3', NULL, NULL),
(24, '16219425-2f50-44e4-8b77-a94483be0e04', 'a1f777da-9c70-46c2-96be-29b224e40c05', NULL, NULL),
(25, '16219425-2f50-44e4-8b77-a94483be0e04', 'be5ee864-b967-4e3b-a48a-b4d49ee7073e', NULL, NULL);

-- --------------------------------------------------------

--
-- Table structure for table `sessions`
--

CREATE TABLE `sessions` (
  `id` varchar(255) NOT NULL,
  `user_id` char(36) DEFAULT NULL,
  `ip_address` varchar(45) DEFAULT NULL,
  `user_agent` text DEFAULT NULL,
  `payload` longtext NOT NULL,
  `last_activity` int(11) NOT NULL
) ENGINE=InnoDB DEFAULT CHARSET=utf8mb4 COLLATE=utf8mb4_unicode_ci;

--
-- Dumping data for table `sessions`
--

INSERT INTO `sessions` (`id`, `user_id`, `ip_address`, `user_agent`, `payload`, `last_activity`) VALUES
('0JoF4EYlRjmDSQn5ufWnQIuBMMnO8Apx0ZAK3JmO', '34dff7d1-04a0-489b-9fa5-6b202e1bd53c', '127.0.0.1', 'Mozilla/5.0 (Windows NT 10.0; Win64; x64) AppleWebKit/537.36 (KHTML, like Gecko) Chrome/142.0.0.0 Safari/537.36 Edg/142.0.0.0', 'YTo0OntzOjY6Il90b2tlbiI7czo0MDoiVUJyeXQzT0pwUTNoWDBhOW41VWZUQmNiN25iSkg1eDV3ZVY3Q1h5dSI7czo5OiJfcHJldmlvdXMiO2E6Mjp7czozOiJ1cmwiO3M6NDA6Imh0dHA6Ly8xMjcuMC4wLjE6ODAwMC9hZG1pbi90YXNrcy9jcmVhdGUiO3M6NToicm91dGUiO3M6MTg6ImFkbWluLnRhc2tzLmNyZWF0ZSI7fXM6NjoiX2ZsYXNoIjthOjI6e3M6Mzoib2xkIjthOjA6e31zOjM6Im5ldyI7YTowOnt9fXM6NTA6ImxvZ2luX3dlYl81OWJhMzZhZGRjMmIyZjk0MDE1ODBmMDE0YzdmNThlYTRlMzA5ODlkIjtzOjM2OiIzNGRmZjdkMS0wNGEwLTQ4OWItOWZhNS02YjIwMmUxYmQ1M2MiO30=', 1763838073);

-- --------------------------------------------------------

--
-- Table structure for table `tasks`
--

CREATE TABLE `tasks` (
  `id` char(36) NOT NULL,
  `title` varchar(255) NOT NULL,
  `description` text DEFAULT NULL,
  `start_date` date DEFAULT NULL,
  `due_date` date DEFAULT NULL,
  `progress_percentage` tinyint(3) UNSIGNED NOT NULL DEFAULT 0,
  `assigned_to_user_id` char(36) NOT NULL,
  `supervisor_user_id` char(36) DEFAULT NULL,
  `created_by_user_id` char(36) NOT NULL,
  `priority_id` char(36) NOT NULL,
  `status_id` char(36) NOT NULL,
  `created_at` timestamp NULL DEFAULT NULL,
  `updated_at` timestamp NULL DEFAULT NULL,
  `deleted_at` timestamp NULL DEFAULT NULL
) ENGINE=InnoDB DEFAULT CHARSET=utf8mb4 COLLATE=utf8mb4_unicode_ci;

-- --------------------------------------------------------

--
-- Table structure for table `task_statuses`
--

CREATE TABLE `task_statuses` (
  `id` char(36) NOT NULL,
  `name` varchar(255) NOT NULL,
  `display_name` varchar(255) NOT NULL,
  `color_code` varchar(255) NOT NULL DEFAULT '#6c757d',
  `created_at` timestamp NULL DEFAULT NULL,
  `updated_at` timestamp NULL DEFAULT NULL,
  `deleted_at` timestamp NULL DEFAULT NULL,
  `description` text DEFAULT NULL
) ENGINE=InnoDB DEFAULT CHARSET=utf8mb4 COLLATE=utf8mb4_unicode_ci;

--
-- Dumping data for table `task_statuses`
--

INSERT INTO `task_statuses` (`id`, `name`, `display_name`, `color_code`, `created_at`, `updated_at`, `deleted_at`, `description`) VALUES
('04afbcad-78d2-4575-b710-44f94405de2f', 'todo', 'مطلوب', '#007bff', '2025-11-22 15:36:50', '2025-11-22 15:36:50', NULL, NULL),
('8a84561b-b273-4e1d-8612-a4fc31722aa8', 'in_progress', 'قيد التنفيذ', '#ffc107', '2025-11-22 15:36:50', '2025-11-22 15:36:50', NULL, NULL),
('cd9412ce-6a2a-4140-8378-ec7138379c8b', 'cancelled', 'ملغي', '#dc3545', '2025-11-22 15:36:50', '2025-11-22 15:36:50', NULL, NULL),
('db26d132-1f0f-4862-b26a-e4b77bbe544e', 'on_hold', 'معلق', '#6c757d', '2025-11-22 15:36:50', '2025-11-22 15:36:50', NULL, NULL),
('de243577-2701-498e-bd18-ab631f0cdccb', 'completed', 'منتهي', '#28a745', '2025-11-22 15:36:50', '2025-11-22 15:36:50', NULL, NULL);

-- --------------------------------------------------------

--
-- Table structure for table `users`
--

CREATE TABLE `users` (
  `id` char(36) NOT NULL,
  `name` varchar(255) NOT NULL,
  `email` varchar(255) NOT NULL,
  `email_verified_at` timestamp NULL DEFAULT NULL,
  `password` varchar(255) NOT NULL,
  `remember_token` varchar(100) DEFAULT NULL,
  `created_at` timestamp NULL DEFAULT NULL,
  `updated_at` timestamp NULL DEFAULT NULL,
  `deleted_at` timestamp NULL DEFAULT NULL,
  `role_id` char(36) DEFAULT NULL
) ENGINE=InnoDB DEFAULT CHARSET=utf8mb4 COLLATE=utf8mb4_unicode_ci;

--
-- Dumping data for table `users`
--

INSERT INTO `users` (`id`, `name`, `email`, `email_verified_at`, `password`, `remember_token`, `created_at`, `updated_at`, `deleted_at`, `role_id`) VALUES
('21d97c72-ac85-4fbd-a160-93c5d490c283', 'Admin User', 'admin@example.com', NULL, '$2y$12$scHwHdJwboH.G6D2ypohDubIYz4vhfB7k1vCMS/TK.rVlxr4t4aDy', NULL, '2025-11-16 15:25:04', '2025-11-19 17:50:43', '2025-11-19 17:50:43', '16219425-2f50-44e4-8b77-a94483be0e04'),
('34dff7d1-04a0-489b-9fa5-6b202e1bd53c', 'Taher Abbas', 'taher12abbas@gmail.com', NULL, '$2y$12$7Sq2iN9GpNc/5Hw84dBmrOVqFYuoUyieAF2YZyYZ22FbrIzbVMUIq', 'gFiy5O4nE6vLh4Jzr509pTVuL8lsfcLlGEw8Xie9zsnzM53KuPNtXGKkq1TC', '2025-11-16 15:25:42', '2025-11-16 15:25:42', NULL, '16219425-2f50-44e4-8b77-a94483be0e04'),
('bcd3f018-a206-49dc-b52f-ed87a4b3dcfe', 'Taher Abbas', 'taher13abbas@gmail.com', NULL, '$2y$12$0jFU.Li6ElM.x/jCT6gg5uwEMkjvbtdJuVl/mhg99gTz/jEFJNkpa', NULL, '2025-11-21 13:16:04', '2025-11-21 13:16:04', NULL, '16219425-2f50-44e4-8b77-a94483be0e04'),
('e8f0f4f8-46ec-4f3d-990a-3aedae39b0b6', 'محمد حسن', 'mohamed@gmail.com', NULL, '$2y$12$G.vfWmA/vW4zJ/TlJB8wKOGlXUqwSg2yGPklFJl7NyfWqacx0P0lq', NULL, '2025-11-22 15:27:08', '2025-11-22 15:27:08', NULL, 'c1fca368-aeec-4856-bf51-5a2f22b5eadc'),
('ff15109b-278b-4804-a10a-b33b86b62484', 'Test User', 'test@example.com', '2025-11-16 15:11:47', '$2y$12$yyxkGG4tkL0WFbPe///UCu0WGHODBzmiq.JwdkagbUdiw8JTZB5TK', 'VtcB35YLqW', '2025-11-16 15:11:47', '2025-11-19 17:50:39', '2025-11-19 17:50:39', NULL);

--
-- Indexes for dumped tables
--

--
-- Indexes for table `cache`
--
ALTER TABLE `cache`
  ADD PRIMARY KEY (`key`);

--
-- Indexes for table `cache_locks`
--
ALTER TABLE `cache_locks`
  ADD PRIMARY KEY (`key`);

--
-- Indexes for table `failed_jobs`
--
ALTER TABLE `failed_jobs`
  ADD PRIMARY KEY (`id`),
  ADD UNIQUE KEY `failed_jobs_uuid_unique` (`uuid`);

--
-- Indexes for table `jobs`
--
ALTER TABLE `jobs`
  ADD PRIMARY KEY (`id`),
  ADD KEY `jobs_queue_index` (`queue`);

--
-- Indexes for table `job_batches`
--
ALTER TABLE `job_batches`
  ADD PRIMARY KEY (`id`);

--
-- Indexes for table `laptops`
--
ALTER TABLE `laptops`
  ADD PRIMARY KEY (`id`),
  ADD UNIQUE KEY `laptops_barcode_unique` (`barcode`);

--
-- Indexes for table `migrations`
--
ALTER TABLE `migrations`
  ADD PRIMARY KEY (`id`);

--
-- Indexes for table `orders`
--
ALTER TABLE `orders`
  ADD PRIMARY KEY (`id`),
  ADD KEY `orders_user_id_foreign` (`user_id`),
  ADD KEY `orders_order_status_id_foreign` (`order_status_id`),
  ADD KEY `orders_employee_id_foreign` (`employee_id`);

--
-- Indexes for table `order_items`
--
ALTER TABLE `order_items`
  ADD PRIMARY KEY (`id`);

--
-- Indexes for table `order_statuses`
--
ALTER TABLE `order_statuses`
  ADD PRIMARY KEY (`id`),
  ADD UNIQUE KEY `order_statuses_name_unique` (`name`);

--
-- Indexes for table `password_reset_tokens`
--
ALTER TABLE `password_reset_tokens`
  ADD PRIMARY KEY (`email`);

--
-- Indexes for table `permissions`
--
ALTER TABLE `permissions`
  ADD PRIMARY KEY (`id`),
  ADD UNIQUE KEY `permissions_name_unique` (`name`);

--
-- Indexes for table `personal_access_tokens`
--
ALTER TABLE `personal_access_tokens`
  ADD PRIMARY KEY (`id`),
  ADD UNIQUE KEY `personal_access_tokens_token_unique` (`token`),
  ADD KEY `personal_access_tokens_tokenable_type_tokenable_id_index` (`tokenable_type`,`tokenable_id`),
  ADD KEY `personal_access_tokens_expires_at_index` (`expires_at`);

--
-- Indexes for table `priorities`
--
ALTER TABLE `priorities`
  ADD PRIMARY KEY (`id`),
  ADD UNIQUE KEY `priorities_name_unique` (`name`);

--
-- Indexes for table `roles`
--
ALTER TABLE `roles`
  ADD PRIMARY KEY (`id`),
  ADD UNIQUE KEY `roles_name_unique` (`name`);

--
-- Indexes for table `role_permission`
--
ALTER TABLE `role_permission`
  ADD PRIMARY KEY (`id`),
  ADD UNIQUE KEY `role_permission_role_id_permission_id_unique` (`role_id`,`permission_id`),
  ADD KEY `role_permission_permission_id_foreign` (`permission_id`);

--
-- Indexes for table `sessions`
--
ALTER TABLE `sessions`
  ADD PRIMARY KEY (`id`),
  ADD KEY `sessions_user_id_index` (`user_id`),
  ADD KEY `sessions_last_activity_index` (`last_activity`);

--
-- Indexes for table `tasks`
--
ALTER TABLE `tasks`
  ADD PRIMARY KEY (`id`),
  ADD KEY `tasks_assigned_to_user_id_foreign` (`assigned_to_user_id`),
  ADD KEY `tasks_supervisor_user_id_foreign` (`supervisor_user_id`),
  ADD KEY `tasks_created_by_user_id_foreign` (`created_by_user_id`),
  ADD KEY `tasks_priority_id_foreign` (`priority_id`),
  ADD KEY `tasks_status_id_foreign` (`status_id`);

--
-- Indexes for table `task_statuses`
--
ALTER TABLE `task_statuses`
  ADD PRIMARY KEY (`id`),
  ADD UNIQUE KEY `task_statuses_name_unique` (`name`);

--
-- Indexes for table `users`
--
ALTER TABLE `users`
  ADD PRIMARY KEY (`id`),
  ADD UNIQUE KEY `users_email_unique` (`email`),
  ADD KEY `users_role_id_foreign` (`role_id`);

--
-- AUTO_INCREMENT for dumped tables
--

--
-- AUTO_INCREMENT for table `failed_jobs`
--
ALTER TABLE `failed_jobs`
  MODIFY `id` bigint(20) UNSIGNED NOT NULL AUTO_INCREMENT;

--
-- AUTO_INCREMENT for table `jobs`
--
ALTER TABLE `jobs`
  MODIFY `id` bigint(20) UNSIGNED NOT NULL AUTO_INCREMENT;

--
-- AUTO_INCREMENT for table `migrations`
--
ALTER TABLE `migrations`
  MODIFY `id` int(10) UNSIGNED NOT NULL AUTO_INCREMENT, AUTO_INCREMENT=19;

--
-- AUTO_INCREMENT for table `personal_access_tokens`
--
ALTER TABLE `personal_access_tokens`
  MODIFY `id` bigint(20) UNSIGNED NOT NULL AUTO_INCREMENT;

--
-- AUTO_INCREMENT for table `role_permission`
--
ALTER TABLE `role_permission`
  MODIFY `id` bigint(20) UNSIGNED NOT NULL AUTO_INCREMENT, AUTO_INCREMENT=26;

--
-- Constraints for dumped tables
--

--
-- Constraints for table `orders`
--
ALTER TABLE `orders`
  ADD CONSTRAINT `orders_employee_id_foreign` FOREIGN KEY (`employee_id`) REFERENCES `users` (`id`) ON DELETE SET NULL,
  ADD CONSTRAINT `orders_order_status_id_foreign` FOREIGN KEY (`order_status_id`) REFERENCES `order_statuses` (`id`) ON DELETE SET NULL,
  ADD CONSTRAINT `orders_user_id_foreign` FOREIGN KEY (`user_id`) REFERENCES `users` (`id`) ON DELETE CASCADE;

--
-- Constraints for table `role_permission`
--
ALTER TABLE `role_permission`
  ADD CONSTRAINT `role_permission_permission_id_foreign` FOREIGN KEY (`permission_id`) REFERENCES `permissions` (`id`) ON DELETE CASCADE,
  ADD CONSTRAINT `role_permission_role_id_foreign` FOREIGN KEY (`role_id`) REFERENCES `roles` (`id`) ON DELETE CASCADE;

--
-- Constraints for table `tasks`
--
ALTER TABLE `tasks`
  ADD CONSTRAINT `tasks_assigned_to_user_id_foreign` FOREIGN KEY (`assigned_to_user_id`) REFERENCES `users` (`id`) ON DELETE CASCADE,
  ADD CONSTRAINT `tasks_created_by_user_id_foreign` FOREIGN KEY (`created_by_user_id`) REFERENCES `users` (`id`) ON DELETE CASCADE,
  ADD CONSTRAINT `tasks_priority_id_foreign` FOREIGN KEY (`priority_id`) REFERENCES `priorities` (`id`) ON DELETE CASCADE,
  ADD CONSTRAINT `tasks_status_id_foreign` FOREIGN KEY (`status_id`) REFERENCES `task_statuses` (`id`) ON DELETE CASCADE,
  ADD CONSTRAINT `tasks_supervisor_user_id_foreign` FOREIGN KEY (`supervisor_user_id`) REFERENCES `users` (`id`) ON DELETE SET NULL;

--
-- Constraints for table `users`
--
ALTER TABLE `users`
  ADD CONSTRAINT `users_role_id_foreign` FOREIGN KEY (`role_id`) REFERENCES `roles` (`id`) ON DELETE SET NULL;
COMMIT;

/*!40101 SET CHARACTER_SET_CLIENT=@OLD_CHARACTER_SET_CLIENT */;
/*!40101 SET CHARACTER_SET_RESULTS=@OLD_CHARACTER_SET_RESULTS */;
/*!40101 SET COLLATION_CONNECTION=@OLD_COLLATION_CONNECTION */;
